-- phpMyAdmin SQL Dump
-- version 4.5.4.1
-- http://www.phpmyadmin.net
--
-- Host: localhost
-- Generation Time: Jul 05, 2019 at 04:04 PM
-- Server version: 5.7.11
-- PHP Version: 7.0.3

SET SQL_MODE = "NO_AUTO_VALUE_ON_ZERO";
SET time_zone = "+00:00";


/*!40101 SET @OLD_CHARACTER_SET_CLIENT=@@CHARACTER_SET_CLIENT */;
/*!40101 SET @OLD_CHARACTER_SET_RESULTS=@@CHARACTER_SET_RESULTS */;
/*!40101 SET @OLD_COLLATION_CONNECTION=@@COLLATION_CONNECTION */;
/*!40101 SET NAMES utf8mb4 */;

--
-- Database: `benguet`
--

-- --------------------------------------------------------

--
-- Table structure for table `groups`
--

CREATE TABLE `groups` (
  `id` int(11) NOT NULL,
  `group_name` varchar(50) DEFAULT NULL,
  `group_description` varchar(50) DEFAULT NULL,
  `privileges` longtext
) ENGINE=InnoDB DEFAULT CHARSET=latin1;

--
-- Dumping data for table `groups`
--

INSERT INTO `groups` (`id`, `group_name`, `group_description`, `privileges`) VALUES
(1, 'Admin', 'Administrator', '225B7B5C2269645C223A5C2264617368626F6172645C222C5C226465736372697074696F6E5C223A5C2244617368626F6172645C222C5C2270726976696C656765735C223A5B7B5C2269645C223A312C5C226465736372697074696F6E5C223A5C2253686F772044617368626F6172645C222C5C2276616C75655C223A747275657D5D7D2C7B5C2269645C223A5C22726563656976655F646F63756D656E745C222C5C226465736372697074696F6E5C223A5C225265636569766520446F63756D656E745C222C5C2270726976696C656765735C223A5B7B5C2269645C223A312C5C226465736372697074696F6E5C223A5C2253686F77205265636569766520446F63756D656E745C222C5C2276616C75655C223A66616C73657D2C7B5C2269645C223A322C5C226465736372697074696F6E5C223A5C2241646420446F63756D656E745C222C5C2276616C75655C223A66616C73657D5D7D2C7B5C2269645C223A5C22696E636F6D696E675C222C5C226465736372697074696F6E5C223A5C22496E636F6D696E675C222C5C2270726976696C656765735C223A5B7B5C2269645C223A312C5C226465736372697074696F6E5C223A5C2253686F7720496E636F6D696E6720446F63756D656E745C222C5C2276616C75655C223A66616C73657D5D7D2C7B5C2269645C223A5C227472616E736163745C222C5C226465736372697074696F6E5C223A5C225472616E736163745C222C5C2270726976696C656765735C223A5B7B5C2269645C223A312C5C226465736372697074696F6E5C223A5C2253686F77205472616E736163745C222C5C2276616C75655C223A66616C73657D5D7D2C7B5C2269645C223A5C226F7574676F696E675C222C5C226465736372697074696F6E5C223A5C224F7574676F696E675C222C5C2270726976696C656765735C223A5B7B5C2269645C223A312C5C226465736372697074696F6E5C223A5C2253686F77204F7574676F696E675C222C5C2276616C75655C223A66616C73657D5D7D2C7B5C2269645C223A5C2261726368697665735C222C5C226465736372697074696F6E5C223A5C2241726368697665735C222C5C2270726976696C656765735C223A5B7B5C2269645C223A312C5C226465736372697074696F6E5C223A5C2253686F772041726368697665735C222C5C2276616C75655C223A66616C73657D5D7D2C7B5C2269645C223A5C22646F63756D656E745F6C6973745C222C5C226465736372697074696F6E5C223A5C224C697374206F6620446F63756D656E74735C222C5C2270726976696C656765735C223A5B7B5C2269645C223A312C5C226465736372697074696F6E5C223A5C2253686F77204C697374206F6620446F63756D656E74735C222C5C2276616C75655C223A66616C73657D5D7D2C7B5C2269645C223A5C22747261636B735C222C5C226465736372697074696F6E5C223A5C22547261636B735C222C5C2270726976696C656765735C223A5B7B5C2269645C223A312C5C226465736372697074696F6E5C223A5C2253686F7720547261636B735C222C5C2276616C75655C223A66616C73657D5D7D2C7B5C2269645C223A5C226163636F756E74735C222C5C226465736372697074696F6E5C223A5C224163636F756E74735C222C5C2270726976696C656765735C223A5B7B5C2269645C223A312C5C226465736372697074696F6E5C223A5C2253686F772055736572204163636F756E74735C222C5C2276616C75655C223A747275657D2C7B5C2269645C223A322C5C226465736372697074696F6E5C223A5C224164642055736572204163636F756E745C222C5C2276616C75655C223A747275657D2C7B5C2269645C223A332C5C226465736372697074696F6E5C223A5C22456469742055736572204163636F756E745C222C5C2276616C75655C223A747275657D2C7B5C2269645C223A342C5C226465736372697074696F6E5C223A5C2244656C6574652055736572204163636F756E745C222C5C2276616C75655C223A747275657D5D7D2C7B5C2269645C223A5C2267726F7570735C222C5C226465736372697074696F6E5C223A5C2247726F7570735C222C5C2270726976696C656765735C223A5B7B5C2269645C223A312C5C226465736372697074696F6E5C223A5C2253686F7720557365722047726F7570735C222C5C2276616C75655C223A747275657D2C7B5C2269645C223A322C5C226465736372697074696F6E5C223A5C2241646420557365722047726F7570735C222C5C2276616C75655C223A747275657D2C7B5C2269645C223A332C5C226465736372697074696F6E5C223A5C224564697420557365722047726F7570735C222C5C2276616C75655C223A747275657D2C7B5C2269645C223A342C5C226465736372697074696F6E5C223A5C2244656C65746520557365722047726F7570735C222C5C2276616C75655C223A747275657D5D7D2C7B5C2269645C223A5C226D61696E74656E616E63655C222C5C226465736372697074696F6E5C223A5C224D61696E74656E616E63655C222C5C2270726976696C656765735C223A5B7B5C2269645C223A312C5C226465736372697074696F6E5C223A5C2253686F77204D61696E74656E616E63655C222C5C2276616C75655C223A66616C73657D2C7B5C2269645C223A322C5C226465736372697074696F6E5C223A5C224164645C5C5C2F45646974204974656D5C222C5C2276616C75655C223A66616C73657D2C7B5C2269645C223A332C5C226465736372697074696F6E5C223A5C2244656C657465204974656D5C222C5C2276616C75655C223A66616C73657D5D7D5D22'),
(2, 'Farmer', 'Local Farmer', '225B7B5C2269645C223A5C2264617368626F6172645C222C5C226465736372697074696F6E5C223A5C2244617368626F6172645C222C5C2270726976696C656765735C223A5B7B5C2269645C223A312C5C226465736372697074696F6E5C223A5C2253686F772044617368626F6172645C222C5C2276616C75655C223A747275657D5D7D2C7B5C2269645C223A5C22726563656976655F646F63756D656E745C222C5C226465736372697074696F6E5C223A5C225265636569766520446F63756D656E745C222C5C2270726976696C656765735C223A5B7B5C2269645C223A312C5C226465736372697074696F6E5C223A5C2253686F77205265636569766520446F63756D656E745C222C5C2276616C75655C223A66616C73657D2C7B5C2269645C223A322C5C226465736372697074696F6E5C223A5C2241646420446F63756D656E745C222C5C2276616C75655C223A66616C73657D5D7D2C7B5C2269645C223A5C22696E636F6D696E675C222C5C226465736372697074696F6E5C223A5C22496E636F6D696E675C222C5C2270726976696C656765735C223A5B7B5C2269645C223A312C5C226465736372697074696F6E5C223A5C2253686F7720496E636F6D696E6720446F63756D656E745C222C5C2276616C75655C223A66616C73657D5D7D2C7B5C2269645C223A5C227472616E736163745C222C5C226465736372697074696F6E5C223A5C225472616E736163745C222C5C2270726976696C656765735C223A5B7B5C2269645C223A312C5C226465736372697074696F6E5C223A5C2253686F77205472616E736163745C222C5C2276616C75655C223A66616C73657D5D7D2C7B5C2269645C223A5C226F7574676F696E675C222C5C226465736372697074696F6E5C223A5C224F7574676F696E675C222C5C2270726976696C656765735C223A5B7B5C2269645C223A312C5C226465736372697074696F6E5C223A5C2253686F77204F7574676F696E675C222C5C2276616C75655C223A66616C73657D5D7D2C7B5C2269645C223A5C2261726368697665735C222C5C226465736372697074696F6E5C223A5C2241726368697665735C222C5C2270726976696C656765735C223A5B7B5C2269645C223A312C5C226465736372697074696F6E5C223A5C2253686F772041726368697665735C222C5C2276616C75655C223A66616C73657D5D7D2C7B5C2269645C223A5C22646F63756D656E745F6C6973745C222C5C226465736372697074696F6E5C223A5C224C697374206F6620446F63756D656E74735C222C5C2270726976696C656765735C223A5B7B5C2269645C223A312C5C226465736372697074696F6E5C223A5C2253686F77204C697374206F6620446F63756D656E74735C222C5C2276616C75655C223A66616C73657D5D7D2C7B5C2269645C223A5C22747261636B735C222C5C226465736372697074696F6E5C223A5C22547261636B735C222C5C2270726976696C656765735C223A5B7B5C2269645C223A312C5C226465736372697074696F6E5C223A5C2253686F7720547261636B735C222C5C2276616C75655C223A66616C73657D5D7D2C7B5C2269645C223A5C226163636F756E74735C222C5C226465736372697074696F6E5C223A5C224163636F756E74735C222C5C2270726976696C656765735C223A5B7B5C2269645C223A312C5C226465736372697074696F6E5C223A5C2253686F772055736572204163636F756E74735C222C5C2276616C75655C223A747275657D2C7B5C2269645C223A322C5C226465736372697074696F6E5C223A5C224164642055736572204163636F756E745C222C5C2276616C75655C223A747275657D2C7B5C2269645C223A332C5C226465736372697074696F6E5C223A5C22456469742055736572204163636F756E745C222C5C2276616C75655C223A747275657D2C7B5C2269645C223A342C5C226465736372697074696F6E5C223A5C2244656C6574652055736572204163636F756E745C222C5C2276616C75655C223A747275657D5D7D2C7B5C2269645C223A5C2267726F7570735C222C5C226465736372697074696F6E5C223A5C2247726F7570735C222C5C2270726976696C656765735C223A5B7B5C2269645C223A312C5C226465736372697074696F6E5C223A5C2253686F7720557365722047726F7570735C222C5C2276616C75655C223A747275657D2C7B5C2269645C223A322C5C226465736372697074696F6E5C223A5C2241646420557365722047726F7570735C222C5C2276616C75655C223A747275657D2C7B5C2269645C223A332C5C226465736372697074696F6E5C223A5C224564697420557365722047726F7570735C222C5C2276616C75655C223A747275657D2C7B5C2269645C223A342C5C226465736372697074696F6E5C223A5C2244656C65746520557365722047726F7570735C222C5C2276616C75655C223A747275657D5D7D2C7B5C2269645C223A5C226D61696E74656E616E63655C222C5C226465736372697074696F6E5C223A5C224D61696E74656E616E63655C222C5C2270726976696C656765735C223A5B7B5C2269645C223A312C5C226465736372697074696F6E5C223A5C2253686F77204D61696E74656E616E63655C222C5C2276616C75655C223A66616C73657D2C7B5C2269645C223A322C5C226465736372697074696F6E5C223A5C224164645C5C5C2F45646974204974656D5C222C5C2276616C75655C223A66616C73657D2C7B5C2269645C223A332C5C226465736372697074696F6E5C223A5C2244656C657465204974656D5C222C5C2276616C75655C223A66616C73657D5D7D5D22');

-- --------------------------------------------------------

--
-- Table structure for table `humidities`
--

CREATE TABLE `humidities` (
  `id` int(11) NOT NULL,
  `location_id` int(11) DEFAULT NULL,
  `sensor_value` float(10,2) DEFAULT NULL,
  `system_log` datetime NOT NULL DEFAULT CURRENT_TIMESTAMP
) ENGINE=InnoDB DEFAULT CHARSET=latin1;

--
-- Dumping data for table `humidities`
--

INSERT INTO `humidities` (`id`, `location_id`, `sensor_value`, `system_log`) VALUES
(1, 1, 20.00, '2019-07-05 13:47:13'),
(2, 1, 20.00, '2019-07-05 13:51:20'),
(3, 1, 22.00, '2019-07-05 14:12:43'),
(4, 2, 22.00, '2019-07-05 14:16:45'),
(5, 3, 22.00, '2019-07-05 14:17:05'),
(6, 4, 22.00, '2019-07-05 14:17:08'),
(7, 5, 22.00, '2019-07-05 14:17:11');

-- --------------------------------------------------------

--
-- Table structure for table `location`
--

CREATE TABLE `location` (
  `id` int(11) NOT NULL,
  `location` varchar(50) NOT NULL,
  `lat` varchar(100) NOT NULL,
  `lng` varchar(100) NOT NULL
) ENGINE=InnoDB DEFAULT CHARSET=latin1;

--
-- Dumping data for table `location`
--

INSERT INTO `location` (`id`, `location`, `lat`, `lng`) VALUES
(1, 'Location 1', '16.632507', '120.317550'),
(2, 'Location 2', '16.683422', '120.791827'),
(3, 'Location 3', '16.683422', '122.891827'),
(4, 'Location 4', '16.683422', '123.991827'),
(5, 'Location 5', '16.683422', '124.191827');

-- --------------------------------------------------------

--
-- Table structure for table `moisture_dews`
--

CREATE TABLE `moisture_dews` (
  `id` int(11) NOT NULL,
  `location_id` int(11) DEFAULT NULL,
  `sensor_value` float(10,2) DEFAULT NULL,
  `system_log` datetime NOT NULL DEFAULT CURRENT_TIMESTAMP
) ENGINE=InnoDB DEFAULT CHARSET=latin1;

--
-- Dumping data for table `moisture_dews`
--

INSERT INTO `moisture_dews` (`id`, `location_id`, `sensor_value`, `system_log`) VALUES
(1, 1, 40.00, '2019-07-05 13:47:13'),
(2, 1, 40.00, '2019-07-05 13:51:20'),
(3, 1, 44.00, '2019-07-05 14:12:43'),
(4, 2, 44.00, '2019-07-05 14:16:45'),
(5, 3, 44.00, '2019-07-05 14:17:05'),
(6, 4, 44.00, '2019-07-05 14:17:08'),
(7, 5, 44.00, '2019-07-05 14:17:11');

-- --------------------------------------------------------

--
-- Table structure for table `moisture_rains`
--

CREATE TABLE `moisture_rains` (
  `id` int(11) NOT NULL,
  `location_id` int(11) DEFAULT NULL,
  `sensor_value` float(10,2) DEFAULT NULL,
  `system_log` datetime NOT NULL DEFAULT CURRENT_TIMESTAMP
) ENGINE=InnoDB DEFAULT CHARSET=latin1;

--
-- Dumping data for table `moisture_rains`
--

INSERT INTO `moisture_rains` (`id`, `location_id`, `sensor_value`, `system_log`) VALUES
(1, 1, 50.00, '2019-07-05 13:47:13'),
(2, 1, 50.00, '2019-07-05 13:51:20'),
(3, 1, 55.00, '2019-07-05 14:12:43'),
(4, 2, 55.00, '2019-07-05 14:16:45'),
(5, 3, 55.00, '2019-07-05 14:17:05'),
(6, 4, 55.00, '2019-07-05 14:17:08'),
(7, 5, 55.00, '2019-07-05 14:17:11');

-- --------------------------------------------------------

--
-- Table structure for table `soils`
--

CREATE TABLE `soils` (
  `id` int(11) NOT NULL,
  `location_id` int(11) DEFAULT NULL,
  `sensor_value` float(10,2) DEFAULT NULL,
  `system_log` datetime NOT NULL DEFAULT CURRENT_TIMESTAMP
) ENGINE=InnoDB DEFAULT CHARSET=latin1;

--
-- Dumping data for table `soils`
--

INSERT INTO `soils` (`id`, `location_id`, `sensor_value`, `system_log`) VALUES
(1, 1, 30.00, '2019-07-05 13:47:13'),
(2, 1, 30.00, '2019-07-05 13:51:20'),
(3, 1, 33.00, '2019-07-05 14:12:43'),
(4, 2, 33.00, '2019-07-05 14:16:45'),
(5, 3, 33.00, '2019-07-05 14:17:05'),
(6, 4, 33.00, '2019-07-05 14:17:08'),
(7, 5, 33.00, '2019-07-05 14:17:11');

-- --------------------------------------------------------

--
-- Table structure for table `temperatures`
--

CREATE TABLE `temperatures` (
  `id` int(11) NOT NULL,
  `location_id` int(11) DEFAULT NULL,
  `sensor_value` float(10,2) DEFAULT NULL,
  `system_log` datetime NOT NULL DEFAULT CURRENT_TIMESTAMP
) ENGINE=InnoDB DEFAULT CHARSET=latin1;

--
-- Dumping data for table `temperatures`
--

INSERT INTO `temperatures` (`id`, `location_id`, `sensor_value`, `system_log`) VALUES
(1, 1, 10.00, '2019-07-05 13:47:13'),
(2, 1, 10.00, '2019-07-05 13:51:20'),
(3, 1, 11.00, '2019-07-05 14:12:43'),
(4, 2, 11.00, '2019-07-05 14:16:45'),
(5, 3, 11.00, '2019-07-05 14:17:05'),
(6, 4, 11.00, '2019-07-05 14:17:08'),
(7, 5, 11.00, '2019-07-05 14:17:11');

-- --------------------------------------------------------

--
-- Table structure for table `users`
--

CREATE TABLE `users` (
  `id` int(11) NOT NULL,
  `fname` varchar(50) DEFAULT NULL,
  `mname` varchar(50) DEFAULT NULL,
  `lname` varchar(50) DEFAULT NULL,
  `phone` varchar(50) DEFAULT NULL,
  `uname` varchar(50) DEFAULT NULL,
  `pw` varchar(50) DEFAULT NULL,
  `group_id` int(11) NOT NULL,
  `location_id` int(50) NOT NULL,
  `address` varchar(50) NOT NULL
) ENGINE=InnoDB DEFAULT CHARSET=latin1;

--
-- Dumping data for table `users`
--

INSERT INTO `users` (`id`, `fname`, `mname`, `lname`, `phone`, `uname`, `pw`, `group_id`, `location_id`, `address`) VALUES
(1, 'Mc Glenn', 'Gundran', 'Tangalin', '9177334385', 'glenn', 'glenn', 1, 2, '108 Payocpoc Sur,'),
(2, 'agds', 'asg', 'sadgsd', '4353', NULL, 'WERYWECNSDKFHOSDHFJKDHSDFHLDU', 2, 1, 'agasgsd');

--
-- Indexes for dumped tables
--

--
-- Indexes for table `groups`
--
ALTER TABLE `groups`
  ADD PRIMARY KEY (`id`);

--
-- Indexes for table `humidities`
--
ALTER TABLE `humidities`
  ADD PRIMARY KEY (`id`),
  ADD KEY `location_id` (`location_id`);

--
-- Indexes for table `location`
--
ALTER TABLE `location`
  ADD PRIMARY KEY (`id`);

--
-- Indexes for table `moisture_dews`
--
ALTER TABLE `moisture_dews`
  ADD PRIMARY KEY (`id`),
  ADD KEY `location_id` (`location_id`);

--
-- Indexes for table `moisture_rains`
--
ALTER TABLE `moisture_rains`
  ADD PRIMARY KEY (`id`),
  ADD KEY `location_id` (`location_id`);

--
-- Indexes for table `soils`
--
ALTER TABLE `soils`
  ADD PRIMARY KEY (`id`),
  ADD KEY `location_id` (`location_id`);

--
-- Indexes for table `temperatures`
--
ALTER TABLE `temperatures`
  ADD PRIMARY KEY (`id`),
  ADD KEY `location_id` (`location_id`);

--
-- Indexes for table `users`
--
ALTER TABLE `users`
  ADD PRIMARY KEY (`id`),
  ADD KEY `group_id` (`group_id`);

--
-- AUTO_INCREMENT for dumped tables
--

--
-- AUTO_INCREMENT for table `groups`
--
ALTER TABLE `groups`
  MODIFY `id` int(11) NOT NULL AUTO_INCREMENT, AUTO_INCREMENT=3;
--
-- AUTO_INCREMENT for table `humidities`
--
ALTER TABLE `humidities`
  MODIFY `id` int(11) NOT NULL AUTO_INCREMENT, AUTO_INCREMENT=8;
--
-- AUTO_INCREMENT for table `location`
--
ALTER TABLE `location`
  MODIFY `id` int(11) NOT NULL AUTO_INCREMENT, AUTO_INCREMENT=6;
--
-- AUTO_INCREMENT for table `moisture_dews`
--
ALTER TABLE `moisture_dews`
  MODIFY `id` int(11) NOT NULL AUTO_INCREMENT, AUTO_INCREMENT=8;
--
-- AUTO_INCREMENT for table `moisture_rains`
--
ALTER TABLE `moisture_rains`
  MODIFY `id` int(11) NOT NULL AUTO_INCREMENT, AUTO_INCREMENT=8;
--
-- AUTO_INCREMENT for table `soils`
--
ALTER TABLE `soils`
  MODIFY `id` int(11) NOT NULL AUTO_INCREMENT, AUTO_INCREMENT=8;
--
-- AUTO_INCREMENT for table `temperatures`
--
ALTER TABLE `temperatures`
  MODIFY `id` int(11) NOT NULL AUTO_INCREMENT, AUTO_INCREMENT=8;
--
-- AUTO_INCREMENT for table `users`
--
ALTER TABLE `users`
  MODIFY `id` int(11) NOT NULL AUTO_INCREMENT, AUTO_INCREMENT=3;
/*!40101 SET CHARACTER_SET_CLIENT=@OLD_CHARACTER_SET_CLIENT */;
/*!40101 SET CHARACTER_SET_RESULTS=@OLD_CHARACTER_SET_RESULTS */;
/*!40101 SET COLLATION_CONNECTION=@OLD_COLLATION_CONNECTION */;
