-- phpMyAdmin SQL Dump
-- version 4.5.4.1
-- http://www.phpmyadmin.net
--
-- Host: localhost
-- Generation Time: Jul 15, 2019 at 08:08 AM
-- Server version: 5.7.11
-- PHP Version: 7.0.3

SET SQL_MODE = "NO_AUTO_VALUE_ON_ZERO";
SET time_zone = "+00:00";


/*!40101 SET @OLD_CHARACTER_SET_CLIENT=@@CHARACTER_SET_CLIENT */;
/*!40101 SET @OLD_CHARACTER_SET_RESULTS=@@CHARACTER_SET_RESULTS */;
/*!40101 SET @OLD_COLLATION_CONNECTION=@@COLLATION_CONNECTION */;
/*!40101 SET NAMES utf8mb4 */;

--
-- Database: `benguet`
--

-- --------------------------------------------------------

--
-- Table structure for table `groups`
--

CREATE TABLE `groups` (
  `id` int(11) NOT NULL,
  `group_name` varchar(50) DEFAULT NULL,
  `group_description` varchar(50) DEFAULT NULL,
  `privileges` longtext
) ENGINE=InnoDB DEFAULT CHARSET=latin1;

--
-- Dumping data for table `groups`
--

INSERT INTO `groups` (`id`, `group_name`, `group_description`, `privileges`) VALUES
(1, 'Admin', 'Administrator', '225B7B5C2269645C223A5C2264617368626F6172645C222C5C226465736372697074696F6E5C223A5C2244617368626F6172645C222C5C2270726976696C656765735C223A5B7B5C2269645C223A312C5C226465736372697074696F6E5C223A5C2253686F772044617368626F6172645C222C5C2276616C75655C223A747275657D5D7D2C7B5C2269645C223A5C22726563656976655F646F63756D656E745C222C5C226465736372697074696F6E5C223A5C225265636569766520446F63756D656E745C222C5C2270726976696C656765735C223A5B7B5C2269645C223A312C5C226465736372697074696F6E5C223A5C2253686F77205265636569766520446F63756D656E745C222C5C2276616C75655C223A66616C73657D2C7B5C2269645C223A322C5C226465736372697074696F6E5C223A5C2241646420446F63756D656E745C222C5C2276616C75655C223A66616C73657D5D7D2C7B5C2269645C223A5C22696E636F6D696E675C222C5C226465736372697074696F6E5C223A5C22496E636F6D696E675C222C5C2270726976696C656765735C223A5B7B5C2269645C223A312C5C226465736372697074696F6E5C223A5C2253686F7720496E636F6D696E6720446F63756D656E745C222C5C2276616C75655C223A66616C73657D5D7D2C7B5C2269645C223A5C227472616E736163745C222C5C226465736372697074696F6E5C223A5C225472616E736163745C222C5C2270726976696C656765735C223A5B7B5C2269645C223A312C5C226465736372697074696F6E5C223A5C2253686F77205472616E736163745C222C5C2276616C75655C223A66616C73657D5D7D2C7B5C2269645C223A5C226F7574676F696E675C222C5C226465736372697074696F6E5C223A5C224F7574676F696E675C222C5C2270726976696C656765735C223A5B7B5C2269645C223A312C5C226465736372697074696F6E5C223A5C2253686F77204F7574676F696E675C222C5C2276616C75655C223A66616C73657D5D7D2C7B5C2269645C223A5C2261726368697665735C222C5C226465736372697074696F6E5C223A5C2241726368697665735C222C5C2270726976696C656765735C223A5B7B5C2269645C223A312C5C226465736372697074696F6E5C223A5C2253686F772041726368697665735C222C5C2276616C75655C223A66616C73657D5D7D2C7B5C2269645C223A5C22646F63756D656E745F6C6973745C222C5C226465736372697074696F6E5C223A5C224C697374206F6620446F63756D656E74735C222C5C2270726976696C656765735C223A5B7B5C2269645C223A312C5C226465736372697074696F6E5C223A5C2253686F77204C697374206F6620446F63756D656E74735C222C5C2276616C75655C223A66616C73657D5D7D2C7B5C2269645C223A5C22747261636B735C222C5C226465736372697074696F6E5C223A5C22547261636B735C222C5C2270726976696C656765735C223A5B7B5C2269645C223A312C5C226465736372697074696F6E5C223A5C2253686F7720547261636B735C222C5C2276616C75655C223A66616C73657D5D7D2C7B5C2269645C223A5C226163636F756E74735C222C5C226465736372697074696F6E5C223A5C224163636F756E74735C222C5C2270726976696C656765735C223A5B7B5C2269645C223A312C5C226465736372697074696F6E5C223A5C2253686F772055736572204163636F756E74735C222C5C2276616C75655C223A747275657D2C7B5C2269645C223A322C5C226465736372697074696F6E5C223A5C224164642055736572204163636F756E745C222C5C2276616C75655C223A747275657D2C7B5C2269645C223A332C5C226465736372697074696F6E5C223A5C22456469742055736572204163636F756E745C222C5C2276616C75655C223A747275657D2C7B5C2269645C223A342C5C226465736372697074696F6E5C223A5C2244656C6574652055736572204163636F756E745C222C5C2276616C75655C223A747275657D5D7D2C7B5C2269645C223A5C2267726F7570735C222C5C226465736372697074696F6E5C223A5C2247726F7570735C222C5C2270726976696C656765735C223A5B7B5C2269645C223A312C5C226465736372697074696F6E5C223A5C2253686F7720557365722047726F7570735C222C5C2276616C75655C223A747275657D2C7B5C2269645C223A322C5C226465736372697074696F6E5C223A5C2241646420557365722047726F7570735C222C5C2276616C75655C223A747275657D2C7B5C2269645C223A332C5C226465736372697074696F6E5C223A5C224564697420557365722047726F7570735C222C5C2276616C75655C223A747275657D2C7B5C2269645C223A342C5C226465736372697074696F6E5C223A5C2244656C65746520557365722047726F7570735C222C5C2276616C75655C223A747275657D5D7D2C7B5C2269645C223A5C226D61696E74656E616E63655C222C5C226465736372697074696F6E5C223A5C224D61696E74656E616E63655C222C5C2270726976696C656765735C223A5B7B5C2269645C223A312C5C226465736372697074696F6E5C223A5C2253686F77204D61696E74656E616E63655C222C5C2276616C75655C223A66616C73657D2C7B5C2269645C223A322C5C226465736372697074696F6E5C223A5C224164645C5C5C2F45646974204974656D5C222C5C2276616C75655C223A66616C73657D2C7B5C2269645C223A332C5C226465736372697074696F6E5C223A5C2244656C657465204974656D5C222C5C2276616C75655C223A66616C73657D5D7D5D22'),
(2, 'Farmer', 'Local Farmer', '225B7B5C2269645C223A5C2264617368626F6172645C222C5C226465736372697074696F6E5C223A5C2244617368626F6172645C222C5C2270726976696C656765735C223A5B7B5C2269645C223A312C5C226465736372697074696F6E5C223A5C2253686F772044617368626F6172645C222C5C2276616C75655C223A747275657D5D7D2C7B5C2269645C223A5C22726563656976655F646F63756D656E745C222C5C226465736372697074696F6E5C223A5C225265636569766520446F63756D656E745C222C5C2270726976696C656765735C223A5B7B5C2269645C223A312C5C226465736372697074696F6E5C223A5C2253686F77205265636569766520446F63756D656E745C222C5C2276616C75655C223A66616C73657D2C7B5C2269645C223A322C5C226465736372697074696F6E5C223A5C2241646420446F63756D656E745C222C5C2276616C75655C223A66616C73657D5D7D2C7B5C2269645C223A5C22696E636F6D696E675C222C5C226465736372697074696F6E5C223A5C22496E636F6D696E675C222C5C2270726976696C656765735C223A5B7B5C2269645C223A312C5C226465736372697074696F6E5C223A5C2253686F7720496E636F6D696E6720446F63756D656E745C222C5C2276616C75655C223A66616C73657D5D7D2C7B5C2269645C223A5C227472616E736163745C222C5C226465736372697074696F6E5C223A5C225472616E736163745C222C5C2270726976696C656765735C223A5B7B5C2269645C223A312C5C226465736372697074696F6E5C223A5C2253686F77205472616E736163745C222C5C2276616C75655C223A66616C73657D5D7D2C7B5C2269645C223A5C226F7574676F696E675C222C5C226465736372697074696F6E5C223A5C224F7574676F696E675C222C5C2270726976696C656765735C223A5B7B5C2269645C223A312C5C226465736372697074696F6E5C223A5C2253686F77204F7574676F696E675C222C5C2276616C75655C223A66616C73657D5D7D2C7B5C2269645C223A5C2261726368697665735C222C5C226465736372697074696F6E5C223A5C2241726368697665735C222C5C2270726976696C656765735C223A5B7B5C2269645C223A312C5C226465736372697074696F6E5C223A5C2253686F772041726368697665735C222C5C2276616C75655C223A66616C73657D5D7D2C7B5C2269645C223A5C22646F63756D656E745F6C6973745C222C5C226465736372697074696F6E5C223A5C224C697374206F6620446F63756D656E74735C222C5C2270726976696C656765735C223A5B7B5C2269645C223A312C5C226465736372697074696F6E5C223A5C2253686F77204C697374206F6620446F63756D656E74735C222C5C2276616C75655C223A66616C73657D5D7D2C7B5C2269645C223A5C22747261636B735C222C5C226465736372697074696F6E5C223A5C22547261636B735C222C5C2270726976696C656765735C223A5B7B5C2269645C223A312C5C226465736372697074696F6E5C223A5C2253686F7720547261636B735C222C5C2276616C75655C223A66616C73657D5D7D2C7B5C2269645C223A5C226163636F756E74735C222C5C226465736372697074696F6E5C223A5C224163636F756E74735C222C5C2270726976696C656765735C223A5B7B5C2269645C223A312C5C226465736372697074696F6E5C223A5C2253686F772055736572204163636F756E74735C222C5C2276616C75655C223A747275657D2C7B5C2269645C223A322C5C226465736372697074696F6E5C223A5C224164642055736572204163636F756E745C222C5C2276616C75655C223A747275657D2C7B5C2269645C223A332C5C226465736372697074696F6E5C223A5C22456469742055736572204163636F756E745C222C5C2276616C75655C223A747275657D2C7B5C2269645C223A342C5C226465736372697074696F6E5C223A5C2244656C6574652055736572204163636F756E745C222C5C2276616C75655C223A747275657D5D7D2C7B5C2269645C223A5C2267726F7570735C222C5C226465736372697074696F6E5C223A5C2247726F7570735C222C5C2270726976696C656765735C223A5B7B5C2269645C223A312C5C226465736372697074696F6E5C223A5C2253686F7720557365722047726F7570735C222C5C2276616C75655C223A747275657D2C7B5C2269645C223A322C5C226465736372697074696F6E5C223A5C2241646420557365722047726F7570735C222C5C2276616C75655C223A747275657D2C7B5C2269645C223A332C5C226465736372697074696F6E5C223A5C224564697420557365722047726F7570735C222C5C2276616C75655C223A747275657D2C7B5C2269645C223A342C5C226465736372697074696F6E5C223A5C2244656C65746520557365722047726F7570735C222C5C2276616C75655C223A747275657D5D7D2C7B5C2269645C223A5C226D61696E74656E616E63655C222C5C226465736372697074696F6E5C223A5C224D61696E74656E616E63655C222C5C2270726976696C656765735C223A5B7B5C2269645C223A312C5C226465736372697074696F6E5C223A5C2253686F77204D61696E74656E616E63655C222C5C2276616C75655C223A66616C73657D2C7B5C2269645C223A322C5C226465736372697074696F6E5C223A5C224164645C5C5C2F45646974204974656D5C222C5C2276616C75655C223A66616C73657D2C7B5C2269645C223A332C5C226465736372697074696F6E5C223A5C2244656C657465204974656D5C222C5C2276616C75655C223A66616C73657D5D7D5D22');

-- --------------------------------------------------------

--
-- Table structure for table `humidities`
--

CREATE TABLE `humidities` (
  `id` int(11) NOT NULL,
  `location_id` int(11) DEFAULT NULL,
  `sensor_value` float(10,2) DEFAULT NULL,
  `system_log` datetime NOT NULL DEFAULT CURRENT_TIMESTAMP
) ENGINE=InnoDB DEFAULT CHARSET=latin1;

--
-- Dumping data for table `humidities`
--

INSERT INTO `humidities` (`id`, `location_id`, `sensor_value`, `system_log`) VALUES
(1, 1, 90.00, '2019-07-10 18:38:37'),
(2, 2, 60.00, '2019-07-10 18:38:37'),
(3, 3, 91.00, '2019-07-10 18:38:37'),
(4, 1, 30.00, '2019-07-11 11:33:16'),
(5, 2, 30.00, '2019-07-11 11:33:16'),
(6, 3, 30.00, '2019-07-11 11:33:16'),
(7, 1, 30.00, '2019-07-11 11:33:39'),
(8, 2, 30.00, '2019-07-11 11:33:39'),
(9, 3, 30.00, '2019-07-11 11:33:39'),
(10, 1, 30.00, '2019-07-11 11:34:28'),
(11, 2, 30.00, '2019-07-11 11:34:28'),
(12, 3, 30.00, '2019-07-11 11:34:28'),
(13, 1, 30.00, '2019-07-11 11:34:33'),
(14, 2, 30.00, '2019-07-11 11:34:33'),
(15, 3, 30.00, '2019-07-11 11:34:33'),
(16, 1, 30.00, '2019-07-11 11:34:39'),
(17, 2, 30.00, '2019-07-11 11:34:39'),
(18, 3, 30.00, '2019-07-11 11:34:39'),
(19, 1, 30.00, '2019-07-11 11:34:46'),
(20, 2, 30.00, '2019-07-11 11:34:46'),
(21, 3, 30.00, '2019-07-11 11:34:46'),
(22, 1, 30.00, '2019-07-11 11:35:12'),
(23, 2, 30.00, '2019-07-11 11:35:12'),
(24, 3, 30.00, '2019-07-11 11:35:12'),
(25, 1, 30.00, '2019-07-11 11:35:19'),
(26, 2, 30.00, '2019-07-11 11:35:19'),
(27, 3, 30.00, '2019-07-11 11:35:19'),
(28, 1, 80.00, '2019-07-11 11:56:26'),
(29, 2, 30.00, '2019-07-11 11:56:26'),
(30, 3, 30.00, '2019-07-11 11:56:26'),
(31, 1, 80.00, '2019-07-11 11:58:51'),
(32, 2, 30.00, '2019-07-11 11:58:51'),
(33, 3, 30.00, '2019-07-11 11:58:51'),
(34, 1, 80.00, '2019-07-11 13:45:50'),
(35, 2, 30.00, '2019-07-11 13:45:50'),
(36, 3, 30.00, '2019-07-11 13:45:50'),
(37, 1, 50.00, '2019-07-11 13:50:00'),
(38, 2, 30.00, '2019-07-11 13:50:00'),
(39, 3, 30.00, '2019-07-11 13:50:00'),
(40, 1, 80.00, '2019-07-11 13:50:28'),
(41, 2, 30.00, '2019-07-11 13:50:28'),
(42, 3, 30.00, '2019-07-11 13:50:28'),
(43, 1, 80.00, '2019-07-11 13:50:53'),
(44, 2, 30.00, '2019-07-11 13:50:53'),
(45, 3, 30.00, '2019-07-11 13:50:53'),
(46, 1, 50.00, '2019-07-11 13:51:06'),
(47, 2, 30.00, '2019-07-11 13:51:06'),
(48, 3, 30.00, '2019-07-11 13:51:06'),
(49, 1, 50.00, '2019-07-11 13:51:13'),
(50, 2, 30.00, '2019-07-11 13:51:13'),
(51, 3, 30.00, '2019-07-11 13:51:13'),
(52, 1, 50.00, '2019-07-11 13:51:30'),
(53, 2, 30.00, '2019-07-11 13:51:30'),
(54, 3, 30.00, '2019-07-11 13:51:30'),
(55, 1, 50.00, '2019-07-11 13:51:40'),
(56, 2, 30.00, '2019-07-11 13:51:40'),
(57, 3, 30.00, '2019-07-11 13:51:40'),
(58, 1, 50.00, '2019-07-11 13:51:54'),
(59, 2, 30.00, '2019-07-11 13:51:54'),
(60, 3, 30.00, '2019-07-11 13:51:54'),
(61, 1, 50.00, '2019-07-11 13:51:59'),
(62, 2, 30.00, '2019-07-11 13:51:59'),
(63, 3, 30.00, '2019-07-11 13:51:59'),
(64, 1, 50.00, '2019-07-11 13:52:13'),
(65, 2, 30.00, '2019-07-11 13:52:13'),
(66, 3, 30.00, '2019-07-11 13:52:13'),
(67, 1, 50.00, '2019-07-11 13:53:37'),
(68, 2, 30.00, '2019-07-11 13:53:37'),
(69, 3, 30.00, '2019-07-11 13:53:37'),
(70, 1, 50.00, '2019-07-11 13:56:37'),
(71, 2, 30.00, '2019-07-11 13:56:37'),
(72, 3, 30.00, '2019-07-11 13:56:37'),
(73, 1, 50.00, '2019-07-11 13:56:42'),
(74, 2, 30.00, '2019-07-11 13:56:42'),
(75, 3, 30.00, '2019-07-11 13:56:42'),
(76, 1, 90.00, '2019-07-11 13:56:57'),
(77, 2, 30.00, '2019-07-11 13:56:57'),
(78, 3, 30.00, '2019-07-11 13:56:57'),
(79, 1, 90.00, '2019-07-11 13:57:23'),
(80, 2, 30.00, '2019-07-11 13:57:23'),
(81, 3, 30.00, '2019-07-11 13:57:23'),
(82, 1, 50.00, '2019-07-11 14:20:16'),
(83, 2, 30.00, '2019-07-11 14:20:16'),
(84, 3, 30.00, '2019-07-11 14:20:16'),
(85, 1, 50.00, '2019-07-11 14:20:27'),
(86, 2, 30.00, '2019-07-11 14:20:27'),
(87, 3, 30.00, '2019-07-11 14:20:27'),
(88, 1, 50.00, '2019-07-11 14:22:31'),
(89, 2, 30.00, '2019-07-11 14:22:31'),
(90, 3, 30.00, '2019-07-11 14:22:31'),
(91, 1, 50.00, '2019-07-11 14:25:22'),
(92, 2, 30.00, '2019-07-11 14:25:22'),
(93, 3, 30.00, '2019-07-11 14:25:23'),
(94, 1, 50.00, '2019-07-11 14:30:03'),
(95, 2, 30.00, '2019-07-11 14:30:03'),
(96, 3, 30.00, '2019-07-11 14:30:03'),
(97, 1, 50.00, '2019-07-11 14:34:04'),
(98, 2, 30.00, '2019-07-11 14:34:04'),
(99, 3, 30.00, '2019-07-11 14:34:04'),
(100, 1, 50.00, '2019-07-11 14:34:15'),
(101, 2, 30.00, '2019-07-11 14:34:15'),
(102, 3, 30.00, '2019-07-11 14:34:15'),
(103, 1, 50.00, '2019-07-11 14:34:33'),
(104, 2, 30.00, '2019-07-11 14:34:34'),
(105, 3, 30.00, '2019-07-11 14:34:34'),
(106, 1, 50.00, '2019-07-11 14:34:47'),
(107, 2, 30.00, '2019-07-11 14:34:47'),
(108, 3, 30.00, '2019-07-11 14:34:47'),
(109, 1, 50.00, '2019-07-11 14:34:52'),
(110, 2, 30.00, '2019-07-11 14:34:52'),
(111, 3, 30.00, '2019-07-11 14:34:52'),
(112, 1, 50.00, '2019-07-11 14:35:43'),
(113, 2, 30.00, '2019-07-11 14:35:43'),
(114, 3, 30.00, '2019-07-11 14:35:43'),
(115, 1, 50.00, '2019-07-11 14:37:06'),
(116, 2, 30.00, '2019-07-11 14:37:06'),
(117, 3, 30.00, '2019-07-11 14:37:06'),
(118, 1, 50.00, '2019-07-11 14:37:12'),
(119, 2, 30.00, '2019-07-11 14:37:12'),
(120, 3, 30.00, '2019-07-11 14:37:12'),
(121, 1, 50.00, '2019-07-11 14:37:17'),
(122, 2, 30.00, '2019-07-11 14:37:17'),
(123, 3, 30.00, '2019-07-11 14:37:17'),
(124, 1, 50.00, '2019-07-11 14:37:23'),
(125, 2, 30.00, '2019-07-11 14:37:24'),
(126, 3, 30.00, '2019-07-11 14:37:24'),
(127, 1, 50.00, '2019-07-11 14:42:21'),
(128, 2, 30.00, '2019-07-11 14:42:21'),
(129, 3, 30.00, '2019-07-11 14:42:21'),
(130, 1, 50.00, '2019-07-11 14:43:00'),
(131, 2, 30.00, '2019-07-11 14:43:00'),
(132, 3, 30.00, '2019-07-11 14:43:00'),
(133, 1, 50.00, '2019-07-11 14:43:06'),
(134, 2, 30.00, '2019-07-11 14:43:06'),
(135, 3, 30.00, '2019-07-11 14:43:06'),
(136, 1, 50.00, '2019-07-11 14:43:19'),
(137, 2, 30.00, '2019-07-11 14:43:19'),
(138, 3, 30.00, '2019-07-11 14:43:19'),
(139, 1, 50.00, '2019-07-11 14:43:24'),
(140, 2, 30.00, '2019-07-11 14:43:24'),
(141, 3, 30.00, '2019-07-11 14:43:24'),
(142, 1, 50.00, '2019-07-11 14:43:59'),
(143, 2, 30.00, '2019-07-11 14:43:59'),
(144, 3, 30.00, '2019-07-11 14:43:59'),
(145, 1, 50.00, '2019-07-11 14:47:48'),
(146, 2, 30.00, '2019-07-11 14:47:48'),
(147, 3, 30.00, '2019-07-11 14:47:48'),
(148, 1, 50.00, '2019-07-11 14:56:17'),
(149, 2, 30.00, '2019-07-11 14:56:17'),
(150, 3, 30.00, '2019-07-11 14:56:17'),
(151, 1, 50.00, '2019-07-11 14:56:38'),
(152, 2, 30.00, '2019-07-11 14:56:39'),
(153, 3, 30.00, '2019-07-11 14:56:39'),
(154, 1, 50.00, '2019-07-11 15:00:54'),
(155, 2, 30.00, '2019-07-11 15:00:54'),
(156, 3, 30.00, '2019-07-11 15:00:54'),
(157, 1, 50.00, '2019-07-11 15:05:46'),
(158, 2, 30.00, '2019-07-11 15:05:46'),
(159, 3, 30.00, '2019-07-11 15:05:46'),
(160, 1, 50.00, '2019-07-11 15:06:21'),
(161, 2, 30.00, '2019-07-11 15:06:21'),
(162, 3, 30.00, '2019-07-11 15:06:21'),
(163, 1, 50.00, '2019-07-11 15:06:47'),
(164, 2, 30.00, '2019-07-11 15:06:48'),
(165, 3, 30.00, '2019-07-11 15:06:48'),
(166, 1, 50.00, '2019-07-11 15:07:13'),
(167, 2, 30.00, '2019-07-11 15:07:13'),
(168, 3, 30.00, '2019-07-11 15:07:14'),
(169, 1, 50.00, '2019-07-11 15:08:04'),
(170, 2, 30.00, '2019-07-11 15:08:04'),
(171, 3, 30.00, '2019-07-11 15:08:04'),
(172, 1, 50.00, '2019-07-11 15:08:16'),
(173, 2, 80.00, '2019-07-11 15:08:16'),
(174, 3, 30.00, '2019-07-11 15:08:16'),
(175, 1, 50.00, '2019-07-11 15:08:47'),
(176, 2, 70.00, '2019-07-11 15:08:47'),
(177, 3, 30.00, '2019-07-11 15:08:47'),
(178, 1, 50.00, '2019-07-11 15:09:13'),
(179, 2, 70.00, '2019-07-11 15:09:13'),
(180, 3, 30.00, '2019-07-11 15:09:13'),
(181, 1, 50.00, '2019-07-11 15:10:34'),
(182, 2, 70.00, '2019-07-11 15:10:34'),
(183, 3, 30.00, '2019-07-11 15:10:34'),
(184, 1, 50.00, '2019-07-11 15:11:11'),
(185, 2, 70.00, '2019-07-11 15:11:11'),
(186, 3, 30.00, '2019-07-11 15:11:11'),
(187, 1, 3.00, '2019-07-15 06:28:59'),
(188, 1, 3.00, '2019-07-15 06:35:32'),
(189, 2, 43.00, '2019-07-15 12:54:05'),
(190, 2, 43.00, '2019-07-15 12:55:42');

-- --------------------------------------------------------

--
-- Table structure for table `location`
--

CREATE TABLE `location` (
  `id` int(11) NOT NULL,
  `location` varchar(50) NOT NULL,
  `lat` varchar(100) NOT NULL,
  `lng` varchar(100) NOT NULL
) ENGINE=InnoDB DEFAULT CHARSET=latin1;

--
-- Dumping data for table `location`
--

INSERT INTO `location` (`id`, `location`, `lat`, `lng`) VALUES
(1, 'Location 1', '16.583333', '120.683333'),
(2, 'Location 2', '16.5300197', '120.683255'),
(3, 'Location 3', '16.6289685', '120.765884');

-- --------------------------------------------------------

--
-- Table structure for table `moisture_dews`
--

CREATE TABLE `moisture_dews` (
  `id` int(11) NOT NULL,
  `location_id` int(11) DEFAULT NULL,
  `sensor_value` float(10,2) DEFAULT NULL,
  `system_log` datetime NOT NULL DEFAULT CURRENT_TIMESTAMP
) ENGINE=InnoDB DEFAULT CHARSET=latin1;

--
-- Dumping data for table `moisture_dews`
--

INSERT INTO `moisture_dews` (`id`, `location_id`, `sensor_value`, `system_log`) VALUES
(1, 1, 98.00, '2019-07-10 18:38:37'),
(2, 2, 68.00, '2019-07-10 18:38:37'),
(3, 3, 98.00, '2019-07-10 18:38:37'),
(4, 1, -30.00, '2019-07-11 11:33:16'),
(5, 2, -30.00, '2019-07-11 11:33:16'),
(6, 3, -30.00, '2019-07-11 11:33:16'),
(7, 1, 30.00, '2019-07-11 11:33:39'),
(8, 2, 30.00, '2019-07-11 11:33:39'),
(9, 3, 30.00, '2019-07-11 11:33:39'),
(10, 1, 30.00, '2019-07-11 11:34:28'),
(11, 2, 30.00, '2019-07-11 11:34:28'),
(12, 3, 30.00, '2019-07-11 11:34:28'),
(13, 1, 30.00, '2019-07-11 11:34:33'),
(14, 2, 30.00, '2019-07-11 11:34:33'),
(15, 3, 30.00, '2019-07-11 11:34:33'),
(16, 1, 30.00, '2019-07-11 11:34:39'),
(17, 2, 30.00, '2019-07-11 11:34:39'),
(18, 3, 30.00, '2019-07-11 11:34:39'),
(19, 1, 30.00, '2019-07-11 11:34:46'),
(20, 2, 30.00, '2019-07-11 11:34:46'),
(21, 3, 30.00, '2019-07-11 11:34:46'),
(22, 1, 30.00, '2019-07-11 11:35:12'),
(23, 2, 30.00, '2019-07-11 11:35:12'),
(24, 3, 30.00, '2019-07-11 11:35:12'),
(25, 1, 30.00, '2019-07-11 11:35:19'),
(26, 2, 30.00, '2019-07-11 11:35:19'),
(27, 3, 30.00, '2019-07-11 11:35:19'),
(28, 1, 30.00, '2019-07-11 11:56:26'),
(29, 2, 30.00, '2019-07-11 11:56:26'),
(30, 3, 30.00, '2019-07-11 11:56:26'),
(31, 1, 30.00, '2019-07-11 11:58:51'),
(32, 2, 30.00, '2019-07-11 11:58:51'),
(33, 3, 30.00, '2019-07-11 11:58:51'),
(34, 1, 30.00, '2019-07-11 13:45:50'),
(35, 2, 30.00, '2019-07-11 13:45:50'),
(36, 3, 30.00, '2019-07-11 13:45:50'),
(37, 1, 30.00, '2019-07-11 13:50:00'),
(38, 2, 30.00, '2019-07-11 13:50:00'),
(39, 3, 30.00, '2019-07-11 13:50:00'),
(40, 1, 30.00, '2019-07-11 13:50:28'),
(41, 2, 30.00, '2019-07-11 13:50:28'),
(42, 3, 30.00, '2019-07-11 13:50:28'),
(43, 1, 30.00, '2019-07-11 13:50:53'),
(44, 2, 30.00, '2019-07-11 13:50:53'),
(45, 3, 30.00, '2019-07-11 13:50:53'),
(46, 1, 30.00, '2019-07-11 13:51:06'),
(47, 2, 30.00, '2019-07-11 13:51:06'),
(48, 3, 30.00, '2019-07-11 13:51:06'),
(49, 1, 30.00, '2019-07-11 13:51:13'),
(50, 2, 30.00, '2019-07-11 13:51:13'),
(51, 3, 30.00, '2019-07-11 13:51:13'),
(52, 1, 30.00, '2019-07-11 13:51:30'),
(53, 2, 30.00, '2019-07-11 13:51:30'),
(54, 3, 30.00, '2019-07-11 13:51:30'),
(55, 1, 30.00, '2019-07-11 13:51:40'),
(56, 2, 30.00, '2019-07-11 13:51:40'),
(57, 3, 30.00, '2019-07-11 13:51:40'),
(58, 1, 30.00, '2019-07-11 13:51:54'),
(59, 2, 30.00, '2019-07-11 13:51:54'),
(60, 3, 30.00, '2019-07-11 13:51:54'),
(61, 1, 30.00, '2019-07-11 13:51:59'),
(62, 2, 30.00, '2019-07-11 13:51:59'),
(63, 3, 30.00, '2019-07-11 13:52:00'),
(64, 1, 30.00, '2019-07-11 13:52:13'),
(65, 2, 30.00, '2019-07-11 13:52:13'),
(66, 3, 30.00, '2019-07-11 13:52:13'),
(67, 1, 30.00, '2019-07-11 13:53:37'),
(68, 2, 30.00, '2019-07-11 13:53:37'),
(69, 3, 30.00, '2019-07-11 13:53:37'),
(70, 1, 30.00, '2019-07-11 13:56:37'),
(71, 2, 30.00, '2019-07-11 13:56:37'),
(72, 3, 30.00, '2019-07-11 13:56:37'),
(73, 1, 30.00, '2019-07-11 13:56:42'),
(74, 2, 30.00, '2019-07-11 13:56:42'),
(75, 3, 30.00, '2019-07-11 13:56:42'),
(76, 1, 30.00, '2019-07-11 13:56:57'),
(77, 2, 30.00, '2019-07-11 13:56:57'),
(78, 3, 30.00, '2019-07-11 13:56:57'),
(79, 1, 30.00, '2019-07-11 13:57:23'),
(80, 2, 30.00, '2019-07-11 13:57:23'),
(81, 3, 30.00, '2019-07-11 13:57:23'),
(82, 1, 30.00, '2019-07-11 14:20:16'),
(83, 2, 30.00, '2019-07-11 14:20:16'),
(84, 3, 30.00, '2019-07-11 14:20:16'),
(85, 1, 30.00, '2019-07-11 14:20:27'),
(86, 2, 30.00, '2019-07-11 14:20:27'),
(87, 3, 30.00, '2019-07-11 14:20:27'),
(88, 1, 30.00, '2019-07-11 14:22:31'),
(89, 2, 30.00, '2019-07-11 14:22:31'),
(90, 3, 30.00, '2019-07-11 14:22:31'),
(91, 1, 80.00, '2019-07-11 14:25:22'),
(92, 2, 30.00, '2019-07-11 14:25:22'),
(93, 3, 30.00, '2019-07-11 14:25:23'),
(94, 1, 80.00, '2019-07-11 14:30:03'),
(95, 2, 90.00, '2019-07-11 14:30:03'),
(96, 3, 30.00, '2019-07-11 14:30:03'),
(97, 1, 50.00, '2019-07-11 14:34:04'),
(98, 2, 9.00, '2019-07-11 14:34:04'),
(99, 3, 70.00, '2019-07-11 14:34:04'),
(100, 1, 50.00, '2019-07-11 14:34:15'),
(101, 2, 9.00, '2019-07-11 14:34:15'),
(102, 3, 89.00, '2019-07-11 14:34:15'),
(103, 1, 50.00, '2019-07-11 14:34:33'),
(104, 2, 9.00, '2019-07-11 14:34:34'),
(105, 3, 90.00, '2019-07-11 14:34:34'),
(106, 1, 50.00, '2019-07-11 14:34:47'),
(107, 2, 9.00, '2019-07-11 14:34:47'),
(108, 3, 70.00, '2019-07-11 14:34:47'),
(109, 1, -50.00, '2019-07-11 14:34:52'),
(110, 2, 9.00, '2019-07-11 14:34:52'),
(111, 3, 70.00, '2019-07-11 14:34:52'),
(112, 1, 50.00, '2019-07-11 14:35:43'),
(113, 2, 9.00, '2019-07-11 14:35:43'),
(114, 3, 70.00, '2019-07-11 14:35:43'),
(115, 1, 50.00, '2019-07-11 14:37:06'),
(116, 2, 9.00, '2019-07-11 14:37:06'),
(117, 3, 70.00, '2019-07-11 14:37:06'),
(118, 1, 50.00, '2019-07-11 14:37:12'),
(119, 2, 9.00, '2019-07-11 14:37:12'),
(120, 3, 70.00, '2019-07-11 14:37:12'),
(121, 1, 50.00, '2019-07-11 14:37:17'),
(122, 2, 9.00, '2019-07-11 14:37:17'),
(123, 3, 70.00, '2019-07-11 14:37:17'),
(124, 1, 50.00, '2019-07-11 14:37:24'),
(125, 2, 9.00, '2019-07-11 14:37:24'),
(126, 3, 70.00, '2019-07-11 14:37:24'),
(127, 1, 50.00, '2019-07-11 14:42:21'),
(128, 2, 9.00, '2019-07-11 14:42:21'),
(129, 3, 70.00, '2019-07-11 14:42:21'),
(130, 1, 50.00, '2019-07-11 14:43:00'),
(131, 2, 9.00, '2019-07-11 14:43:00'),
(132, 3, 70.00, '2019-07-11 14:43:00'),
(133, 1, 50.00, '2019-07-11 14:43:06'),
(134, 2, 9.00, '2019-07-11 14:43:06'),
(135, 3, 70.00, '2019-07-11 14:43:06'),
(136, 1, 50.00, '2019-07-11 14:43:19'),
(137, 2, 9.00, '2019-07-11 14:43:19'),
(138, 3, 70.00, '2019-07-11 14:43:19'),
(139, 1, 50.00, '2019-07-11 14:43:24'),
(140, 2, 9.00, '2019-07-11 14:43:24'),
(141, 3, 70.00, '2019-07-11 14:43:24'),
(142, 1, 50.00, '2019-07-11 14:43:59'),
(143, 2, 9.00, '2019-07-11 14:43:59'),
(144, 3, 70.00, '2019-07-11 14:43:59'),
(145, 1, 50.00, '2019-07-11 14:47:48'),
(146, 2, 9.00, '2019-07-11 14:47:48'),
(147, 3, 70.00, '2019-07-11 14:47:48'),
(148, 1, 50.00, '2019-07-11 14:56:17'),
(149, 2, 9.00, '2019-07-11 14:56:17'),
(150, 3, 70.00, '2019-07-11 14:56:17'),
(151, 1, 50.00, '2019-07-11 14:56:39'),
(152, 2, 9.00, '2019-07-11 14:56:39'),
(153, 3, 70.00, '2019-07-11 14:56:39'),
(154, 1, 50.00, '2019-07-11 15:00:54'),
(155, 2, 9.00, '2019-07-11 15:00:54'),
(156, 3, 70.00, '2019-07-11 15:00:55'),
(157, 1, 50.00, '2019-07-11 15:05:46'),
(158, 2, 9.00, '2019-07-11 15:05:46'),
(159, 3, 70.00, '2019-07-11 15:05:46'),
(160, 1, 50.00, '2019-07-11 15:06:21'),
(161, 2, 9.00, '2019-07-11 15:06:21'),
(162, 3, 70.00, '2019-07-11 15:06:21'),
(163, 1, 50.00, '2019-07-11 15:06:48'),
(164, 2, 9.00, '2019-07-11 15:06:48'),
(165, 3, 70.00, '2019-07-11 15:06:48'),
(166, 1, 50.00, '2019-07-11 15:07:13'),
(167, 2, 9.00, '2019-07-11 15:07:14'),
(168, 3, 70.00, '2019-07-11 15:07:14'),
(169, 1, 50.00, '2019-07-11 15:08:04'),
(170, 2, 9.00, '2019-07-11 15:08:04'),
(171, 3, 70.00, '2019-07-11 15:08:04'),
(172, 1, 50.00, '2019-07-11 15:08:16'),
(173, 2, 9.00, '2019-07-11 15:08:16'),
(174, 3, 70.00, '2019-07-11 15:08:16'),
(175, 1, 50.00, '2019-07-11 15:08:47'),
(176, 2, 9.00, '2019-07-11 15:08:47'),
(177, 3, 70.00, '2019-07-11 15:08:47'),
(178, 1, 50.00, '2019-07-11 15:09:13'),
(179, 2, 9.00, '2019-07-11 15:09:13'),
(180, 3, 70.00, '2019-07-11 15:09:13'),
(181, 1, 50.00, '2019-07-11 15:10:34'),
(182, 2, 90.00, '2019-07-11 15:10:34'),
(183, 3, 70.00, '2019-07-11 15:10:34'),
(184, 1, 50.00, '2019-07-11 15:11:11'),
(185, 2, 70.00, '2019-07-11 15:11:11'),
(186, 3, 70.00, '2019-07-11 15:11:11'),
(187, 1, 5.00, '2019-07-15 06:28:59'),
(188, 1, 5.00, '2019-07-15 06:35:32'),
(189, 2, 32.00, '2019-07-15 12:54:05'),
(190, 2, 32.00, '2019-07-15 12:55:42');

-- --------------------------------------------------------

--
-- Table structure for table `moisture_rains`
--

CREATE TABLE `moisture_rains` (
  `id` int(11) NOT NULL,
  `location_id` int(11) DEFAULT NULL,
  `sensor_value` float(10,2) DEFAULT NULL,
  `system_log` datetime NOT NULL DEFAULT CURRENT_TIMESTAMP
) ENGINE=InnoDB DEFAULT CHARSET=latin1;

--
-- Dumping data for table `moisture_rains`
--

INSERT INTO `moisture_rains` (`id`, `location_id`, `sensor_value`, `system_log`) VALUES
(1, 1, 100.00, '2019-07-10 18:38:37'),
(2, 2, 100.00, '2019-07-10 18:38:37'),
(3, 3, 100.00, '2019-07-10 18:38:37'),
(4, 1, 30.00, '2019-07-11 11:33:16'),
(5, 2, 30.00, '2019-07-11 11:33:16'),
(6, 3, 30.00, '2019-07-11 11:33:16'),
(7, 1, 730.00, '2019-07-11 11:33:39'),
(8, 2, 530.00, '2019-07-11 11:33:39'),
(9, 3, 830.00, '2019-07-11 11:33:39'),
(10, 1, 730.00, '2019-07-11 11:34:28'),
(11, 2, 530.00, '2019-07-11 11:34:28'),
(12, 3, 530.00, '2019-07-11 11:34:28'),
(13, 1, 730.00, '2019-07-11 11:34:33'),
(14, 2, 530.00, '2019-07-11 11:34:33'),
(15, 3, 330.00, '2019-07-11 11:34:33'),
(16, 1, 730.00, '2019-07-11 11:34:39'),
(17, 2, 530.00, '2019-07-11 11:34:39'),
(18, 3, 330.00, '2019-07-11 11:34:39'),
(19, 1, 730.00, '2019-07-11 11:34:46'),
(20, 2, 530.00, '2019-07-11 11:34:46'),
(21, 3, 330.00, '2019-07-11 11:34:46'),
(22, 1, 730.00, '2019-07-11 11:35:12'),
(23, 2, 730.00, '2019-07-11 11:35:12'),
(24, 3, 330.00, '2019-07-11 11:35:12'),
(25, 1, 730.00, '2019-07-11 11:35:19'),
(26, 2, 730.00, '2019-07-11 11:35:19'),
(27, 3, 330.00, '2019-07-11 11:35:19'),
(28, 1, 730.00, '2019-07-11 11:56:26'),
(29, 2, 730.00, '2019-07-11 11:56:26'),
(30, 3, 330.00, '2019-07-11 11:56:26'),
(31, 1, 730.00, '2019-07-11 11:58:51'),
(32, 2, 730.00, '2019-07-11 11:58:51'),
(33, 3, 330.00, '2019-07-11 11:58:51'),
(34, 1, 730.00, '2019-07-11 13:45:50'),
(35, 2, 730.00, '2019-07-11 13:45:50'),
(36, 3, 330.00, '2019-07-11 13:45:50'),
(37, 1, 730.00, '2019-07-11 13:50:00'),
(38, 2, 730.00, '2019-07-11 13:50:00'),
(39, 3, 330.00, '2019-07-11 13:50:00'),
(40, 1, 730.00, '2019-07-11 13:50:28'),
(41, 2, 730.00, '2019-07-11 13:50:28'),
(42, 3, 330.00, '2019-07-11 13:50:28'),
(43, 1, 730.00, '2019-07-11 13:50:53'),
(44, 2, 730.00, '2019-07-11 13:50:53'),
(45, 3, 330.00, '2019-07-11 13:50:53'),
(46, 1, 730.00, '2019-07-11 13:51:06'),
(47, 2, 730.00, '2019-07-11 13:51:06'),
(48, 3, 330.00, '2019-07-11 13:51:06'),
(49, 1, 730.00, '2019-07-11 13:51:13'),
(50, 2, 730.00, '2019-07-11 13:51:13'),
(51, 3, 330.00, '2019-07-11 13:51:13'),
(52, 1, 730.00, '2019-07-11 13:51:30'),
(53, 2, 730.00, '2019-07-11 13:51:30'),
(54, 3, 330.00, '2019-07-11 13:51:31'),
(55, 1, 730.00, '2019-07-11 13:51:40'),
(56, 2, 730.00, '2019-07-11 13:51:40'),
(57, 3, 330.00, '2019-07-11 13:51:40'),
(58, 1, 730.00, '2019-07-11 13:51:54'),
(59, 2, 730.00, '2019-07-11 13:51:54'),
(60, 3, 330.00, '2019-07-11 13:51:54'),
(61, 1, 730.00, '2019-07-11 13:51:59'),
(62, 2, 730.00, '2019-07-11 13:51:59'),
(63, 3, 330.00, '2019-07-11 13:52:00'),
(64, 1, 730.00, '2019-07-11 13:52:13'),
(65, 2, 730.00, '2019-07-11 13:52:13'),
(66, 3, 330.00, '2019-07-11 13:52:13'),
(67, 1, 730.00, '2019-07-11 13:53:37'),
(68, 2, 730.00, '2019-07-11 13:53:37'),
(69, 3, 330.00, '2019-07-11 13:53:37'),
(70, 1, 730.00, '2019-07-11 13:56:37'),
(71, 2, 730.00, '2019-07-11 13:56:37'),
(72, 3, 330.00, '2019-07-11 13:56:37'),
(73, 1, 730.00, '2019-07-11 13:56:42'),
(74, 2, 730.00, '2019-07-11 13:56:42'),
(75, 3, 330.00, '2019-07-11 13:56:42'),
(76, 1, 730.00, '2019-07-11 13:56:57'),
(77, 2, 730.00, '2019-07-11 13:56:57'),
(78, 3, 330.00, '2019-07-11 13:56:57'),
(79, 1, 730.00, '2019-07-11 13:57:23'),
(80, 2, 730.00, '2019-07-11 13:57:23'),
(81, 3, 330.00, '2019-07-11 13:57:23'),
(82, 1, 730.00, '2019-07-11 14:20:16'),
(83, 2, 730.00, '2019-07-11 14:20:16'),
(84, 3, 330.00, '2019-07-11 14:20:16'),
(85, 1, 730.00, '2019-07-11 14:20:27'),
(86, 2, 730.00, '2019-07-11 14:20:27'),
(87, 3, 330.00, '2019-07-11 14:20:27'),
(88, 1, 730.00, '2019-07-11 14:22:31'),
(89, 2, 730.00, '2019-07-11 14:22:31'),
(90, 3, 330.00, '2019-07-11 14:22:31'),
(91, 1, 730.00, '2019-07-11 14:25:22'),
(92, 2, 730.00, '2019-07-11 14:25:22'),
(93, 3, 330.00, '2019-07-11 14:25:23'),
(94, 1, 730.00, '2019-07-11 14:30:03'),
(95, 2, 730.00, '2019-07-11 14:30:03'),
(96, 3, 330.00, '2019-07-11 14:30:03'),
(97, 1, 730.00, '2019-07-11 14:34:04'),
(98, 2, 730.00, '2019-07-11 14:34:04'),
(99, 3, 330.00, '2019-07-11 14:34:04'),
(100, 1, 730.00, '2019-07-11 14:34:15'),
(101, 2, 730.00, '2019-07-11 14:34:15'),
(102, 3, 330.00, '2019-07-11 14:34:15'),
(103, 1, 730.00, '2019-07-11 14:34:33'),
(104, 2, 730.00, '2019-07-11 14:34:34'),
(105, 3, 330.00, '2019-07-11 14:34:34'),
(106, 1, 730.00, '2019-07-11 14:34:47'),
(107, 2, 730.00, '2019-07-11 14:34:47'),
(108, 3, 330.00, '2019-07-11 14:34:47'),
(109, 1, 730.00, '2019-07-11 14:34:52'),
(110, 2, 730.00, '2019-07-11 14:34:52'),
(111, 3, 330.00, '2019-07-11 14:34:52'),
(112, 1, 730.00, '2019-07-11 14:35:43'),
(113, 2, 730.00, '2019-07-11 14:35:43'),
(114, 3, 630.00, '2019-07-11 14:35:43'),
(115, 1, 730.00, '2019-07-11 14:37:06'),
(116, 2, 730.00, '2019-07-11 14:37:06'),
(117, 3, 500.00, '2019-07-11 14:37:06'),
(118, 1, 730.00, '2019-07-11 14:37:12'),
(119, 2, 730.00, '2019-07-11 14:37:12'),
(120, 3, 499.00, '2019-07-11 14:37:12'),
(121, 1, 730.00, '2019-07-11 14:37:17'),
(122, 2, 730.00, '2019-07-11 14:37:17'),
(123, 3, 300.00, '2019-07-11 14:37:17'),
(124, 1, 730.00, '2019-07-11 14:37:24'),
(125, 2, 730.00, '2019-07-11 14:37:24'),
(126, 3, 299.00, '2019-07-11 14:37:24'),
(127, 1, 450.00, '2019-07-11 14:42:21'),
(128, 2, 730.00, '2019-07-11 14:42:21'),
(129, 3, 299.00, '2019-07-11 14:42:21'),
(130, 1, 550.00, '2019-07-11 14:43:00'),
(131, 2, 730.00, '2019-07-11 14:43:00'),
(132, 3, 299.00, '2019-07-11 14:43:00'),
(133, 1, 450.00, '2019-07-11 14:43:06'),
(134, 2, 730.00, '2019-07-11 14:43:06'),
(135, 3, 299.00, '2019-07-11 14:43:06'),
(136, 1, 850.00, '2019-07-11 14:43:19'),
(137, 2, 730.00, '2019-07-11 14:43:19'),
(138, 3, 299.00, '2019-07-11 14:43:19'),
(139, 1, 450.00, '2019-07-11 14:43:24'),
(140, 2, 730.00, '2019-07-11 14:43:24'),
(141, 3, 299.00, '2019-07-11 14:43:24'),
(142, 1, 250.00, '2019-07-11 14:43:59'),
(143, 2, 730.00, '2019-07-11 14:43:59'),
(144, 3, 299.00, '2019-07-11 14:43:59'),
(145, 1, 500.00, '2019-07-11 14:47:48'),
(146, 2, 730.00, '2019-07-11 14:47:48'),
(147, 3, 299.00, '2019-07-11 14:47:48'),
(148, 1, 500.00, '2019-07-11 14:56:17'),
(149, 2, 730.00, '2019-07-11 14:56:17'),
(150, 3, 299.00, '2019-07-11 14:56:17'),
(151, 1, 500.00, '2019-07-11 14:56:39'),
(152, 2, 730.00, '2019-07-11 14:56:39'),
(153, 3, 299.00, '2019-07-11 14:56:39'),
(154, 1, 500.00, '2019-07-11 15:00:54'),
(155, 2, 730.00, '2019-07-11 15:00:54'),
(156, 3, 299.00, '2019-07-11 15:00:55'),
(157, 1, 500.00, '2019-07-11 15:05:46'),
(158, 2, 730.00, '2019-07-11 15:05:46'),
(159, 3, 299.00, '2019-07-11 15:05:46'),
(160, 1, 500.00, '2019-07-11 15:06:21'),
(161, 2, 730.00, '2019-07-11 15:06:21'),
(162, 3, 29.00, '2019-07-11 15:06:21'),
(163, 1, 500.00, '2019-07-11 15:06:48'),
(164, 2, 730.00, '2019-07-11 15:06:48'),
(165, 3, 600.00, '2019-07-11 15:06:48'),
(166, 1, 500.00, '2019-07-11 15:07:13'),
(167, 2, 730.00, '2019-07-11 15:07:14'),
(168, 3, 600.00, '2019-07-11 15:07:14'),
(169, 1, 500.00, '2019-07-11 15:08:04'),
(170, 2, 730.00, '2019-07-11 15:08:04'),
(171, 3, 600.00, '2019-07-11 15:08:04'),
(172, 1, 500.00, '2019-07-11 15:08:16'),
(173, 2, 730.00, '2019-07-11 15:08:16'),
(174, 3, 600.00, '2019-07-11 15:08:16'),
(175, 1, 500.00, '2019-07-11 15:08:47'),
(176, 2, 730.00, '2019-07-11 15:08:47'),
(177, 3, 600.00, '2019-07-11 15:08:47'),
(178, 1, 500.00, '2019-07-11 15:09:13'),
(179, 2, 730.00, '2019-07-11 15:09:13'),
(180, 3, 200.00, '2019-07-11 15:09:13'),
(181, 1, 500.00, '2019-07-11 15:10:34'),
(182, 2, 730.00, '2019-07-11 15:10:34'),
(183, 3, 800.00, '2019-07-11 15:10:34'),
(184, 1, 500.00, '2019-07-11 15:11:11'),
(185, 2, 730.00, '2019-07-11 15:11:11'),
(186, 3, 800.00, '2019-07-11 15:11:11'),
(187, 1, 6.00, '2019-07-15 06:28:59'),
(188, 1, 600.00, '2019-07-15 06:35:32'),
(189, 2, 780.00, '2019-07-15 12:54:05'),
(190, 2, 780.00, '2019-07-15 12:55:42');

-- --------------------------------------------------------

--
-- Table structure for table `soils`
--

CREATE TABLE `soils` (
  `id` int(11) NOT NULL,
  `location_id` int(11) DEFAULT NULL,
  `sensor_value` float(10,2) DEFAULT NULL,
  `system_log` datetime NOT NULL DEFAULT CURRENT_TIMESTAMP
) ENGINE=InnoDB DEFAULT CHARSET=latin1;

--
-- Dumping data for table `soils`
--

INSERT INTO `soils` (`id`, `location_id`, `sensor_value`, `system_log`) VALUES
(1, 1, 23.00, '2019-07-10 18:38:37'),
(2, 2, 23.00, '2019-07-10 18:38:37'),
(3, 3, 80.00, '2019-07-10 18:38:37'),
(4, 1, 30.00, '2019-07-11 11:33:16'),
(5, 2, 30.00, '2019-07-11 11:33:16'),
(6, 3, 30.00, '2019-07-11 11:33:16'),
(7, 1, 30.00, '2019-07-11 11:33:39'),
(8, 2, 30.00, '2019-07-11 11:33:39'),
(9, 3, 30.00, '2019-07-11 11:33:39'),
(10, 1, 30.00, '2019-07-11 11:34:28'),
(11, 2, 30.00, '2019-07-11 11:34:28'),
(12, 3, 30.00, '2019-07-11 11:34:28'),
(13, 1, 30.00, '2019-07-11 11:34:33'),
(14, 2, 30.00, '2019-07-11 11:34:33'),
(15, 3, 30.00, '2019-07-11 11:34:33'),
(16, 1, 30.00, '2019-07-11 11:34:39'),
(17, 2, -30.00, '2019-07-11 11:34:39'),
(18, 3, 30.00, '2019-07-11 11:34:39'),
(19, 1, 30.00, '2019-07-11 11:34:46'),
(20, 2, 80.00, '2019-07-11 11:34:46'),
(21, 3, 30.00, '2019-07-11 11:34:46'),
(22, 1, 30.00, '2019-07-11 11:35:12'),
(23, 2, 80.00, '2019-07-11 11:35:12'),
(24, 3, 30.00, '2019-07-11 11:35:12'),
(25, 1, 30.00, '2019-07-11 11:35:19'),
(26, 2, 80.00, '2019-07-11 11:35:19'),
(27, 3, 30.00, '2019-07-11 11:35:19'),
(28, 1, 90.00, '2019-07-11 11:56:26'),
(29, 2, 80.00, '2019-07-11 11:56:26'),
(30, 3, 30.00, '2019-07-11 11:56:26'),
(31, 1, 90.00, '2019-07-11 11:58:51'),
(32, 2, 80.00, '2019-07-11 11:58:51'),
(33, 3, 30.00, '2019-07-11 11:58:51'),
(34, 1, 90.00, '2019-07-11 13:45:50'),
(35, 2, 80.00, '2019-07-11 13:45:50'),
(36, 3, 30.00, '2019-07-11 13:45:50'),
(37, 1, 90.00, '2019-07-11 13:50:00'),
(38, 2, 80.00, '2019-07-11 13:50:00'),
(39, 3, 30.00, '2019-07-11 13:50:00'),
(40, 1, 50.00, '2019-07-11 13:50:28'),
(41, 2, 80.00, '2019-07-11 13:50:28'),
(42, 3, 30.00, '2019-07-11 13:50:28'),
(43, 1, 50.00, '2019-07-11 13:50:53'),
(44, 2, 80.00, '2019-07-11 13:50:53'),
(45, 3, 30.00, '2019-07-11 13:50:53'),
(46, 1, 50.00, '2019-07-11 13:51:06'),
(47, 2, 80.00, '2019-07-11 13:51:06'),
(48, 3, 30.00, '2019-07-11 13:51:06'),
(49, 1, 50.00, '2019-07-11 13:51:13'),
(50, 2, 80.00, '2019-07-11 13:51:13'),
(51, 3, 30.00, '2019-07-11 13:51:13'),
(52, 1, 50.00, '2019-07-11 13:51:30'),
(53, 2, 80.00, '2019-07-11 13:51:30'),
(54, 3, 30.00, '2019-07-11 13:51:30'),
(55, 1, 50.00, '2019-07-11 13:51:40'),
(56, 2, 80.00, '2019-07-11 13:51:40'),
(57, 3, 30.00, '2019-07-11 13:51:40'),
(58, 1, 50.00, '2019-07-11 13:51:54'),
(59, 2, 80.00, '2019-07-11 13:51:54'),
(60, 3, 30.00, '2019-07-11 13:51:54'),
(61, 1, 90.00, '2019-07-11 13:51:59'),
(62, 2, 80.00, '2019-07-11 13:51:59'),
(63, 3, 30.00, '2019-07-11 13:52:00'),
(64, 1, 95.00, '2019-07-11 13:52:13'),
(65, 2, 80.00, '2019-07-11 13:52:13'),
(66, 3, 30.00, '2019-07-11 13:52:13'),
(67, 1, 85.00, '2019-07-11 13:53:37'),
(68, 2, 80.00, '2019-07-11 13:53:37'),
(69, 3, 30.00, '2019-07-11 13:53:37'),
(70, 1, 87.00, '2019-07-11 13:56:37'),
(71, 2, 80.00, '2019-07-11 13:56:37'),
(72, 3, 30.00, '2019-07-11 13:56:37'),
(73, 1, 7.00, '2019-07-11 13:56:42'),
(74, 2, 80.00, '2019-07-11 13:56:42'),
(75, 3, 30.00, '2019-07-11 13:56:42'),
(76, 1, 87.00, '2019-07-11 13:56:57'),
(77, 2, 80.00, '2019-07-11 13:56:57'),
(78, 3, 30.00, '2019-07-11 13:56:57'),
(79, 1, 87.00, '2019-07-11 13:57:23'),
(80, 2, 80.00, '2019-07-11 13:57:23'),
(81, 3, 30.00, '2019-07-11 13:57:23'),
(82, 1, 67.00, '2019-07-11 14:20:16'),
(83, 2, 80.00, '2019-07-11 14:20:16'),
(84, 3, 30.00, '2019-07-11 14:20:16'),
(85, 1, 67.00, '2019-07-11 14:20:27'),
(86, 2, 80.00, '2019-07-11 14:20:27'),
(87, 3, 30.00, '2019-07-11 14:20:27'),
(88, 1, 67.00, '2019-07-11 14:22:31'),
(89, 2, 50.00, '2019-07-11 14:22:31'),
(90, 3, 80.00, '2019-07-11 14:22:31'),
(91, 1, 67.00, '2019-07-11 14:25:22'),
(92, 2, 50.00, '2019-07-11 14:25:22'),
(93, 3, 80.00, '2019-07-11 14:25:23'),
(94, 1, 67.00, '2019-07-11 14:30:03'),
(95, 2, 50.00, '2019-07-11 14:30:03'),
(96, 3, 80.00, '2019-07-11 14:30:03'),
(97, 1, 57.00, '2019-07-11 14:34:04'),
(98, 2, 50.00, '2019-07-11 14:34:04'),
(99, 3, 50.00, '2019-07-11 14:34:04'),
(100, 1, 57.00, '2019-07-11 14:34:15'),
(101, 2, 50.00, '2019-07-11 14:34:15'),
(102, 3, 50.00, '2019-07-11 14:34:15'),
(103, 1, 57.00, '2019-07-11 14:34:33'),
(104, 2, 50.00, '2019-07-11 14:34:34'),
(105, 3, 50.00, '2019-07-11 14:34:34'),
(106, 1, 57.00, '2019-07-11 14:34:47'),
(107, 2, 50.00, '2019-07-11 14:34:47'),
(108, 3, 50.00, '2019-07-11 14:34:47'),
(109, 1, 57.00, '2019-07-11 14:34:52'),
(110, 2, 50.00, '2019-07-11 14:34:52'),
(111, 3, 50.00, '2019-07-11 14:34:52'),
(112, 1, 57.00, '2019-07-11 14:35:43'),
(113, 2, 50.00, '2019-07-11 14:35:43'),
(114, 3, 50.00, '2019-07-11 14:35:43'),
(115, 1, 57.00, '2019-07-11 14:37:06'),
(116, 2, 50.00, '2019-07-11 14:37:06'),
(117, 3, 50.00, '2019-07-11 14:37:06'),
(118, 1, 57.00, '2019-07-11 14:37:12'),
(119, 2, 50.00, '2019-07-11 14:37:12'),
(120, 3, 50.00, '2019-07-11 14:37:12'),
(121, 1, 57.00, '2019-07-11 14:37:17'),
(122, 2, 50.00, '2019-07-11 14:37:17'),
(123, 3, 50.00, '2019-07-11 14:37:17'),
(124, 1, 57.00, '2019-07-11 14:37:24'),
(125, 2, 50.00, '2019-07-11 14:37:24'),
(126, 3, 50.00, '2019-07-11 14:37:24'),
(127, 1, 57.00, '2019-07-11 14:42:21'),
(128, 2, 50.00, '2019-07-11 14:42:21'),
(129, 3, 50.00, '2019-07-11 14:42:21'),
(130, 1, 57.00, '2019-07-11 14:43:00'),
(131, 2, 50.00, '2019-07-11 14:43:00'),
(132, 3, 50.00, '2019-07-11 14:43:00'),
(133, 1, 57.00, '2019-07-11 14:43:06'),
(134, 2, 50.00, '2019-07-11 14:43:06'),
(135, 3, 50.00, '2019-07-11 14:43:06'),
(136, 1, 57.00, '2019-07-11 14:43:19'),
(137, 2, 50.00, '2019-07-11 14:43:19'),
(138, 3, 50.00, '2019-07-11 14:43:19'),
(139, 1, 57.00, '2019-07-11 14:43:24'),
(140, 2, 50.00, '2019-07-11 14:43:24'),
(141, 3, 50.00, '2019-07-11 14:43:24'),
(142, 1, 57.00, '2019-07-11 14:43:59'),
(143, 2, 50.00, '2019-07-11 14:43:59'),
(144, 3, 50.00, '2019-07-11 14:43:59'),
(145, 1, 57.00, '2019-07-11 14:47:48'),
(146, 2, 50.00, '2019-07-11 14:47:48'),
(147, 3, 50.00, '2019-07-11 14:47:48'),
(148, 1, 57.00, '2019-07-11 14:56:17'),
(149, 2, 50.00, '2019-07-11 14:56:17'),
(150, 3, 50.00, '2019-07-11 14:56:17'),
(151, 1, 57.00, '2019-07-11 14:56:38'),
(152, 2, 50.00, '2019-07-11 14:56:39'),
(153, 3, 50.00, '2019-07-11 14:56:39'),
(154, 1, 57.00, '2019-07-11 15:00:54'),
(155, 2, 50.00, '2019-07-11 15:00:54'),
(156, 3, 50.00, '2019-07-11 15:00:55'),
(157, 1, 57.00, '2019-07-11 15:05:46'),
(158, 2, 50.00, '2019-07-11 15:05:46'),
(159, 3, 50.00, '2019-07-11 15:05:46'),
(160, 1, 57.00, '2019-07-11 15:06:21'),
(161, 2, 50.00, '2019-07-11 15:06:21'),
(162, 3, 50.00, '2019-07-11 15:06:21'),
(163, 1, 57.00, '2019-07-11 15:06:48'),
(164, 2, 50.00, '2019-07-11 15:06:48'),
(165, 3, 50.00, '2019-07-11 15:06:48'),
(166, 1, 57.00, '2019-07-11 15:07:13'),
(167, 2, 50.00, '2019-07-11 15:07:14'),
(168, 3, 50.00, '2019-07-11 15:07:14'),
(169, 1, 57.00, '2019-07-11 15:08:04'),
(170, 2, 50.00, '2019-07-11 15:08:04'),
(171, 3, 50.00, '2019-07-11 15:08:04'),
(172, 1, 57.00, '2019-07-11 15:08:16'),
(173, 2, 50.00, '2019-07-11 15:08:16'),
(174, 3, 50.00, '2019-07-11 15:08:16'),
(175, 1, 57.00, '2019-07-11 15:08:47'),
(176, 2, 50.00, '2019-07-11 15:08:47'),
(177, 3, 50.00, '2019-07-11 15:08:47'),
(178, 1, 57.00, '2019-07-11 15:09:13'),
(179, 2, 50.00, '2019-07-11 15:09:13'),
(180, 3, 50.00, '2019-07-11 15:09:13'),
(181, 1, 57.00, '2019-07-11 15:10:34'),
(182, 2, 50.00, '2019-07-11 15:10:34'),
(183, 3, 50.00, '2019-07-11 15:10:34'),
(184, 1, 85.00, '2019-07-11 15:11:11'),
(185, 2, 50.00, '2019-07-11 15:11:11'),
(186, 3, 50.00, '2019-07-11 15:11:11'),
(187, 1, 4.00, '2019-07-15 06:28:59'),
(188, 1, 4.00, '2019-07-15 06:35:32'),
(189, 2, 44.00, '2019-07-15 12:54:05'),
(190, 2, 44.00, '2019-07-15 12:55:42');

-- --------------------------------------------------------

--
-- Table structure for table `temperatures`
--

CREATE TABLE `temperatures` (
  `id` int(11) NOT NULL,
  `location_id` int(11) DEFAULT NULL,
  `sensor_value` float(10,2) DEFAULT NULL,
  `system_log` datetime NOT NULL DEFAULT CURRENT_TIMESTAMP
) ENGINE=InnoDB DEFAULT CHARSET=latin1;

--
-- Dumping data for table `temperatures`
--

INSERT INTO `temperatures` (`id`, `location_id`, `sensor_value`, `system_log`) VALUES
(1, 1, 20.01, '2019-07-10 18:38:37'),
(2, 2, 20.01, '2019-07-10 18:38:37'),
(3, 3, 20.01, '2019-07-10 18:38:37'),
(4, 1, 8.00, '2019-07-11 11:33:16'),
(5, 2, 30.00, '2019-07-11 11:33:16'),
(6, 3, 30.00, '2019-07-11 11:33:16'),
(7, 1, 18.00, '2019-07-11 11:33:39'),
(8, 2, 30.00, '2019-07-11 11:33:39'),
(9, 3, 30.00, '2019-07-11 11:33:39'),
(10, 1, 18.00, '2019-07-11 11:34:28'),
(11, 2, 30.00, '2019-07-11 11:34:28'),
(12, 3, 30.00, '2019-07-11 11:34:28'),
(13, 1, 18.00, '2019-07-11 11:34:33'),
(14, 2, 30.00, '2019-07-11 11:34:33'),
(15, 3, 30.00, '2019-07-11 11:34:33'),
(16, 1, 18.00, '2019-07-11 11:34:39'),
(17, 2, 30.00, '2019-07-11 11:34:39'),
(18, 3, 30.00, '2019-07-11 11:34:39'),
(19, 1, 18.00, '2019-07-11 11:34:46'),
(20, 2, 30.00, '2019-07-11 11:34:46'),
(21, 3, 30.00, '2019-07-11 11:34:46'),
(22, 1, 18.00, '2019-07-11 11:35:12'),
(23, 2, 30.00, '2019-07-11 11:35:12'),
(24, 3, 30.00, '2019-07-11 11:35:12'),
(25, 1, 18.00, '2019-07-11 11:35:19'),
(26, 2, 30.00, '2019-07-11 11:35:19'),
(27, 3, 30.00, '2019-07-11 11:35:19'),
(28, 1, 7.00, '2019-07-11 11:56:26'),
(29, 2, 30.00, '2019-07-11 11:56:26'),
(30, 3, 30.00, '2019-07-11 11:56:26'),
(31, 1, 7.00, '2019-07-11 11:58:51'),
(32, 2, 30.00, '2019-07-11 11:58:51'),
(33, 3, 30.00, '2019-07-11 11:58:51'),
(34, 1, 7.00, '2019-07-11 13:45:50'),
(35, 2, 30.00, '2019-07-11 13:45:50'),
(36, 3, 30.00, '2019-07-11 13:45:50'),
(37, 1, 10.00, '2019-07-11 13:50:00'),
(38, 2, 30.00, '2019-07-11 13:50:00'),
(39, 3, 30.00, '2019-07-11 13:50:00'),
(40, 1, 7.00, '2019-07-11 13:50:28'),
(41, 2, 30.00, '2019-07-11 13:50:28'),
(42, 3, 30.00, '2019-07-11 13:50:28'),
(43, 1, 7.00, '2019-07-11 13:50:53'),
(44, 2, 30.00, '2019-07-11 13:50:53'),
(45, 3, 30.00, '2019-07-11 13:50:53'),
(46, 1, 17.00, '2019-07-11 13:51:06'),
(47, 2, 30.00, '2019-07-11 13:51:06'),
(48, 3, 30.00, '2019-07-11 13:51:06'),
(49, 1, 7.00, '2019-07-11 13:51:13'),
(50, 2, 30.00, '2019-07-11 13:51:13'),
(51, 3, 30.00, '2019-07-11 13:51:13'),
(52, 1, 7.00, '2019-07-11 13:51:30'),
(53, 2, 30.00, '2019-07-11 13:51:30'),
(54, 3, 30.00, '2019-07-11 13:51:30'),
(55, 1, 8.00, '2019-07-11 13:51:40'),
(56, 2, 30.00, '2019-07-11 13:51:40'),
(57, 3, 30.00, '2019-07-11 13:51:40'),
(58, 1, 10.00, '2019-07-11 13:51:54'),
(59, 2, 30.00, '2019-07-11 13:51:54'),
(60, 3, 30.00, '2019-07-11 13:51:54'),
(61, 1, 10.00, '2019-07-11 13:51:59'),
(62, 2, 30.00, '2019-07-11 13:51:59'),
(63, 3, 30.00, '2019-07-11 13:51:59'),
(64, 1, 10.00, '2019-07-11 13:52:13'),
(65, 2, 30.00, '2019-07-11 13:52:13'),
(66, 3, 30.00, '2019-07-11 13:52:13'),
(67, 1, 10.00, '2019-07-11 13:53:37'),
(68, 2, 30.00, '2019-07-11 13:53:37'),
(69, 3, 30.00, '2019-07-11 13:53:37'),
(70, 1, 10.00, '2019-07-11 13:56:37'),
(71, 2, 30.00, '2019-07-11 13:56:37'),
(72, 3, 30.00, '2019-07-11 13:56:37'),
(73, 1, 10.00, '2019-07-11 13:56:42'),
(74, 2, 30.00, '2019-07-11 13:56:42'),
(75, 3, 30.00, '2019-07-11 13:56:42'),
(76, 1, 7.00, '2019-07-11 13:56:57'),
(77, 2, 30.00, '2019-07-11 13:56:57'),
(78, 3, 30.00, '2019-07-11 13:56:57'),
(79, 1, 7.00, '2019-07-11 13:57:23'),
(80, 2, 30.00, '2019-07-11 13:57:23'),
(81, 3, 30.00, '2019-07-11 13:57:23'),
(82, 1, 27.00, '2019-07-11 14:20:16'),
(83, 2, 30.00, '2019-07-11 14:20:16'),
(84, 3, 30.00, '2019-07-11 14:20:16'),
(85, 1, 27.00, '2019-07-11 14:20:27'),
(86, 2, 30.00, '2019-07-11 14:20:27'),
(87, 3, 30.00, '2019-07-11 14:20:27'),
(88, 1, 27.00, '2019-07-11 14:22:31'),
(89, 2, 30.00, '2019-07-11 14:22:31'),
(90, 3, 30.00, '2019-07-11 14:22:31'),
(91, 1, 27.00, '2019-07-11 14:25:22'),
(92, 2, 30.00, '2019-07-11 14:25:22'),
(93, 3, 30.00, '2019-07-11 14:25:23'),
(94, 1, 27.00, '2019-07-11 14:30:03'),
(95, 2, 30.00, '2019-07-11 14:30:03'),
(96, 3, 30.00, '2019-07-11 14:30:03'),
(97, 1, 27.00, '2019-07-11 14:34:04'),
(98, 2, 30.00, '2019-07-11 14:34:04'),
(99, 3, 30.00, '2019-07-11 14:34:04'),
(100, 1, 27.00, '2019-07-11 14:34:15'),
(101, 2, 30.00, '2019-07-11 14:34:15'),
(102, 3, 30.00, '2019-07-11 14:34:15'),
(103, 1, 27.00, '2019-07-11 14:34:33'),
(104, 2, 30.00, '2019-07-11 14:34:33'),
(105, 3, 30.00, '2019-07-11 14:34:34'),
(106, 1, 27.00, '2019-07-11 14:34:47'),
(107, 2, 30.00, '2019-07-11 14:34:47'),
(108, 3, 30.00, '2019-07-11 14:34:47'),
(109, 1, 27.00, '2019-07-11 14:34:52'),
(110, 2, 30.00, '2019-07-11 14:34:52'),
(111, 3, 30.00, '2019-07-11 14:34:52'),
(112, 1, 27.00, '2019-07-11 14:35:43'),
(113, 2, 30.00, '2019-07-11 14:35:43'),
(114, 3, 30.00, '2019-07-11 14:35:43'),
(115, 1, 27.00, '2019-07-11 14:37:06'),
(116, 2, 30.00, '2019-07-11 14:37:06'),
(117, 3, 30.00, '2019-07-11 14:37:06'),
(118, 1, 27.00, '2019-07-11 14:37:12'),
(119, 2, 30.00, '2019-07-11 14:37:12'),
(120, 3, 30.00, '2019-07-11 14:37:12'),
(121, 1, 27.00, '2019-07-11 14:37:17'),
(122, 2, 30.00, '2019-07-11 14:37:17'),
(123, 3, 30.00, '2019-07-11 14:37:17'),
(124, 1, 27.00, '2019-07-11 14:37:23'),
(125, 2, 30.00, '2019-07-11 14:37:24'),
(126, 3, 30.00, '2019-07-11 14:37:24'),
(127, 1, 27.00, '2019-07-11 14:42:21'),
(128, 2, 30.00, '2019-07-11 14:42:21'),
(129, 3, 30.00, '2019-07-11 14:42:21'),
(130, 1, 27.00, '2019-07-11 14:43:00'),
(131, 2, 30.00, '2019-07-11 14:43:00'),
(132, 3, 30.00, '2019-07-11 14:43:00'),
(133, 1, 27.00, '2019-07-11 14:43:06'),
(134, 2, 30.00, '2019-07-11 14:43:06'),
(135, 3, 30.00, '2019-07-11 14:43:06'),
(136, 1, 27.00, '2019-07-11 14:43:19'),
(137, 2, 30.00, '2019-07-11 14:43:19'),
(138, 3, 30.00, '2019-07-11 14:43:19'),
(139, 1, 27.00, '2019-07-11 14:43:24'),
(140, 2, 30.00, '2019-07-11 14:43:24'),
(141, 3, 30.00, '2019-07-11 14:43:24'),
(142, 1, 27.00, '2019-07-11 14:43:59'),
(143, 2, 30.00, '2019-07-11 14:43:59'),
(144, 3, 30.00, '2019-07-11 14:43:59'),
(145, 1, 27.00, '2019-07-11 14:47:48'),
(146, 2, 30.00, '2019-07-11 14:47:48'),
(147, 3, 30.00, '2019-07-11 14:47:48'),
(148, 1, 2.00, '2019-07-11 14:56:17'),
(149, 2, 30.00, '2019-07-11 14:56:17'),
(150, 3, 30.00, '2019-07-11 14:56:17'),
(151, 1, 8.00, '2019-07-11 14:56:38'),
(152, 2, 30.00, '2019-07-11 14:56:39'),
(153, 3, 30.00, '2019-07-11 14:56:39'),
(154, 1, 8.00, '2019-07-11 15:00:54'),
(155, 2, 30.00, '2019-07-11 15:00:54'),
(156, 3, 30.00, '2019-07-11 15:00:54'),
(157, 1, 8.00, '2019-07-11 15:05:46'),
(158, 2, 30.00, '2019-07-11 15:05:46'),
(159, 3, 30.00, '2019-07-11 15:05:46'),
(160, 1, 18.00, '2019-07-11 15:06:21'),
(161, 2, 30.00, '2019-07-11 15:06:21'),
(162, 3, 30.00, '2019-07-11 15:06:21'),
(163, 1, 18.00, '2019-07-11 15:06:47'),
(164, 2, 30.00, '2019-07-11 15:06:48'),
(165, 3, 30.00, '2019-07-11 15:06:48'),
(166, 1, 5.00, '2019-07-11 15:07:13'),
(167, 2, 30.00, '2019-07-11 15:07:13'),
(168, 3, 30.00, '2019-07-11 15:07:14'),
(169, 1, 90.00, '2019-07-11 15:08:04'),
(170, 2, 30.00, '2019-07-11 15:08:04'),
(171, 3, 30.00, '2019-07-11 15:08:04'),
(172, 1, 90.00, '2019-07-11 15:08:16'),
(173, 2, 30.00, '2019-07-11 15:08:16'),
(174, 3, 30.00, '2019-07-11 15:08:16'),
(175, 1, 90.00, '2019-07-11 15:08:47'),
(176, 2, 30.00, '2019-07-11 15:08:47'),
(177, 3, 30.00, '2019-07-11 15:08:47'),
(178, 1, 90.00, '2019-07-11 15:09:13'),
(179, 2, 30.00, '2019-07-11 15:09:13'),
(180, 3, 30.00, '2019-07-11 15:09:13'),
(181, 1, 90.00, '2019-07-11 15:10:34'),
(182, 2, 30.00, '2019-07-11 15:10:34'),
(183, 3, 30.00, '2019-07-11 15:10:34'),
(184, 1, 90.00, '2019-07-11 15:11:11'),
(185, 2, 30.00, '2019-07-11 15:11:11'),
(186, 3, 30.00, '2019-07-11 15:11:11'),
(187, 1, 2.00, '2019-07-15 06:28:59'),
(188, 1, 20.00, '2019-07-15 06:35:32'),
(189, 2, 30.00, '2019-07-15 12:54:05'),
(190, 2, 50.00, '2019-07-15 12:55:42');

-- --------------------------------------------------------

--
-- Table structure for table `users`
--

CREATE TABLE `users` (
  `id` int(11) NOT NULL,
  `fname` varchar(50) DEFAULT NULL,
  `mname` varchar(50) DEFAULT NULL,
  `lname` varchar(50) DEFAULT NULL,
  `phone` varchar(50) DEFAULT NULL,
  `uname` varchar(50) DEFAULT NULL,
  `pw` varchar(50) DEFAULT NULL,
  `group_id` int(11) NOT NULL,
  `location_id` int(50) NOT NULL,
  `address` varchar(50) NOT NULL
) ENGINE=InnoDB DEFAULT CHARSET=latin1;

--
-- Dumping data for table `users`
--

INSERT INTO `users` (`id`, `fname`, `mname`, `lname`, `phone`, `uname`, `pw`, `group_id`, `location_id`, `address`) VALUES
(1, 'Mc Glenn', 'Gundran', 'Tangalin', '9177334385', 'glenn', 'glenn', 1, 2, '108 Payocpoc Sur,'),
(2, 'agds', 'asg', 'sadgsd', '4353', NULL, 'WERYWECNSDKFHOSDHFJKDHSDFHLDU', 2, 1, 'agasgsd');

--
-- Indexes for dumped tables
--

--
-- Indexes for table `groups`
--
ALTER TABLE `groups`
  ADD PRIMARY KEY (`id`);

--
-- Indexes for table `humidities`
--
ALTER TABLE `humidities`
  ADD PRIMARY KEY (`id`),
  ADD KEY `location_id` (`location_id`);

--
-- Indexes for table `location`
--
ALTER TABLE `location`
  ADD PRIMARY KEY (`id`);

--
-- Indexes for table `moisture_dews`
--
ALTER TABLE `moisture_dews`
  ADD PRIMARY KEY (`id`),
  ADD KEY `location_id` (`location_id`);

--
-- Indexes for table `moisture_rains`
--
ALTER TABLE `moisture_rains`
  ADD PRIMARY KEY (`id`),
  ADD KEY `location_id` (`location_id`);

--
-- Indexes for table `soils`
--
ALTER TABLE `soils`
  ADD PRIMARY KEY (`id`),
  ADD KEY `location_id` (`location_id`);

--
-- Indexes for table `temperatures`
--
ALTER TABLE `temperatures`
  ADD PRIMARY KEY (`id`),
  ADD KEY `location_id` (`location_id`);

--
-- Indexes for table `users`
--
ALTER TABLE `users`
  ADD PRIMARY KEY (`id`),
  ADD KEY `group_id` (`group_id`);

--
-- AUTO_INCREMENT for dumped tables
--

--
-- AUTO_INCREMENT for table `groups`
--
ALTER TABLE `groups`
  MODIFY `id` int(11) NOT NULL AUTO_INCREMENT, AUTO_INCREMENT=3;
--
-- AUTO_INCREMENT for table `humidities`
--
ALTER TABLE `humidities`
  MODIFY `id` int(11) NOT NULL AUTO_INCREMENT, AUTO_INCREMENT=191;
--
-- AUTO_INCREMENT for table `location`
--
ALTER TABLE `location`
  MODIFY `id` int(11) NOT NULL AUTO_INCREMENT, AUTO_INCREMENT=4;
--
-- AUTO_INCREMENT for table `moisture_dews`
--
ALTER TABLE `moisture_dews`
  MODIFY `id` int(11) NOT NULL AUTO_INCREMENT, AUTO_INCREMENT=191;
--
-- AUTO_INCREMENT for table `moisture_rains`
--
ALTER TABLE `moisture_rains`
  MODIFY `id` int(11) NOT NULL AUTO_INCREMENT, AUTO_INCREMENT=191;
--
-- AUTO_INCREMENT for table `soils`
--
ALTER TABLE `soils`
  MODIFY `id` int(11) NOT NULL AUTO_INCREMENT, AUTO_INCREMENT=191;
--
-- AUTO_INCREMENT for table `temperatures`
--
ALTER TABLE `temperatures`
  MODIFY `id` int(11) NOT NULL AUTO_INCREMENT, AUTO_INCREMENT=191;
--
-- AUTO_INCREMENT for table `users`
--
ALTER TABLE `users`
  MODIFY `id` int(11) NOT NULL AUTO_INCREMENT, AUTO_INCREMENT=3;
/*!40101 SET CHARACTER_SET_CLIENT=@OLD_CHARACTER_SET_CLIENT */;
/*!40101 SET CHARACTER_SET_RESULTS=@OLD_CHARACTER_SET_RESULTS */;
/*!40101 SET COLLATION_CONNECTION=@OLD_COLLATION_CONNECTION */;
